"gb2312","cchar"
"4E00","一"
"4E01","丁"
"4E03","七"
"4E07","万"
"4E08","丈"
"4E09","三"
"4E0A","上"
"4E0B","下"
"4E0C","丌"
"4E0D","不"
"4E0E","与"
"4E10","丐"
"4E11","丑"
"4E13","专"
"4E14","且"
"4E15","丕"
"4E16","世"
"4E18","丘"
"4E19","丙"
"4E1A","业"
"4E1B","丛"
"4E1C","东"
"4E1D","丝"
"4E1E","丞"
"4E22","丢"
"4E24","两"
"4E25","严"
"4E27","丧"
"4E28","丨"
"4E2A","个"
"4E2B","丫"
"4E2C","丬"
"4E2D","中"
"4E30","丰"
"4E32","串"
"4E34","临"
"4E36","丶"
"4E38","丸"
"4E39","丹"
"4E3A","为"
"4E3B","主"
"4E3D","丽"
"4E3E","举"
"4E3F","丿"
"4E43","乃"
"4E45","久"
"4E47","乇"
"4E48","么"
"4E49","义"
"4E4B","之"
"4E4C","乌"
"4E4D","乍"
"4E4E","乎"
"4E4F","乏"
"4E50","乐"
"4E52","乒"
"4E53","乓"
"4E54","乔"
"4E56","乖"
"4E58","乘"
"4E59","乙"
"4E5C","乜"
"4E5D","九"
"4E5E","乞"
"4E5F","也"
"4E60","习"
"4E61","乡"
"4E66","书"
"4E69","乩"
"4E70","买"
"4E71","乱"
"4E73","乳"
"4E7E","乾"
"4E86","了"
"4E88","予"
"4E89","争"
"4E8B","事"
"4E8C","二"
"4E8D","亍"
"4E8E","于"
"4E8F","亏"
"4E91","云"
"4E92","互"
"4E93","亓"
"4E94","五"
"4E95","井"
"4E98","亘"
"4E9A","亚"
"4E9B","些"
"4E9F","亟"
"4EA0","亠"
"4EA1","亡"
"4EA2","亢"
"4EA4","交"
"4EA5","亥"
"4EA6","亦"
"4EA7","产"
"4EA8","亨"
"4EA9","亩"
"4EAB","享"
"4EAC","京"
"4EAD","亭"
"4EAE","亮"
"4EB2","亲"
"4EB3","亳"
"4EB5","亵"
"4EBA","人"
"4EBB","亻"
"4EBF","亿"
"4EC0","什"
"4EC1","仁"
"4EC2","仂"
"4EC3","仃"
"4EC4","仄"
"4EC5","仅"
"4EC6","仆"
"4EC7","仇"
"4EC9","仉"
"4ECA","今"
"4ECB","介"
"4ECD","仍"
"4ECE","从"
"4ED1","仑"
"4ED3","仓"
"4ED4","仔"
"4ED5","仕"
"4ED6","他"
"4ED7","仗"
"4ED8","付"
"4ED9","仙"
"4EDD","仝"
"4EDE","仞"
"4EDF","仟"
"4EE1","仡"
"4EE3","代"
"4EE4","令"
"4EE5","以"
"4EE8","仨"
"4EEA","仪"
"4EEB","仫"
"4EEC","们"
"4EF0","仰"
"4EF2","仲"
"4EF3","仳"
"4EF5","仵"
"4EF6","件"
"4EF7","价"
"4EFB","任"
"4EFD","份"
"4EFF","仿"
"4F01","企"
"4F09","伉"
"4F0A","伊"
"4F0D","伍"
"4F0E","伎"
"4F0F","伏"
"4F10","伐"
"4F11","休"
"4F17","众"
"4F18","优"
"4F19","伙"
"4F1A","会"
"4F1B","伛"
"4F1E","伞"
"4F1F","伟"
"4F20","传"
"4F22","伢"
"4F24","伤"
"4F25","伥"
"4F26","伦"
"4F27","伧"
"4F2A","伪"
"4F2B","伫"
"4F2F","伯"
"4F30","估"
"4F32","伲"
"4F34","伴"
"4F36","伶"
"4F38","伸"
"4F3A","伺"
"4F3C","似"
"4F3D","伽"
"4F43","佃"
"4F46","但"
"4F4D","位"
"4F4E","低"
"4F4F","住"
"4F50","佐"
"4F51","佑"
"4F53","体"
"4F55","何"
"4F57","佗"
"4F58","佘"
"4F59","余"
"4F5A","佚"
"4F5B","佛"
"4F5C","作"
"4F5D","佝"
"4F5E","佞"
"4F5F","佟"
"4F60","你"
"4F63","佣"
"4F64","佤"
"4F65","佥"
"4F67","佧"
"4F69","佩"
"4F6C","佬"
"4F6F","佯"
"4F70","佰"
"4F73","佳"
"4F74","佴"
"4F76","佶"
"4F7B","佻"
"4F7C","佼"
"4F7E","佾"
"4F7F","使"
"4F83","侃"
"4F84","侄"
"4F88","侈"
"4F89","侉"
"4F8B","例"
"4F8D","侍"
"4F8F","侏"
"4F91","侑"
"4F94","侔"
"4F97","侗"
"4F9B","供"
"4F9D","依"
"4FA0","侠"
"4FA3","侣"
"4FA5","侥"
"4FA6","侦"
"4FA7","侧"
"4FA8","侨"
"4FA9","侩"
"4FAA","侪"
"4FAC","侬"
"4FAE","侮"
"4FAF","侯"
"4FB5","侵"
"4FBF","便"
"4FC3","促"
"4FC4","俄"
"4FC5","俅"
"4FCA","俊"
"4FCE","俎"
"4FCF","俏"
"4FD0","俐"
"4FD1","俑"
"4FD7","俗"
"4FD8","俘"
"4FDA","俚"
"4FDC","俜"
"4FDD","保"
"4FDE","俞"
"4FDF","俟"
"4FE1","信"
"4FE3","俣"
"4FE6","俦"
"4FE8","俨"
"4FE9","俩"
"4FEA","俪"
"4FED","俭"
"4FEE","修"
"4FEF","俯"
"4FF1","俱"
"4FF3","俳"
"4FF8","俸"
"4FFA","俺"
"4FFE","俾"
"500C","倌"
"500D","倍"
"500F","倏"
"5012","倒"
"5014","倔"
"5018","倘"
"5019","候"
"501A","倚"
"501C","倜"
"501F","借"
"5021","倡"
"5025","倥"
"5026","倦"
"5028","倨"
"5029","倩"
"502A","倪"
"502C","倬"
"502D","倭"
"502E","倮"
"503A","债"
"503C","值"
"503E","倾"
"5043","偃"
"5047","假"
"5048","偈"
"504C","偌"
"504E","偎"
"504F","偏"
"5055","偕"
"505A","做"
"505C","停"
"5065","健"
"506C","偬"
"5076","偶"
"5077","偷"
"507B","偻"
"507E","偾"
"507F","偿"
"5080","傀"
"5085","傅"
"5088","傈"
"508D","傍"
"50A3","傣"
"50A5","傥"
"50A7","傧"
"50A8","储"
"50A9","傩"
"50AC","催"
"50B2","傲"
"50BA","傺"
"50BB","傻"
"50CF","像"
"50D6","僖"
"50DA","僚"
"50E6","僦"
"50E7","僧"
"50EC","僬"
"50ED","僭"
"50EE","僮"
"50F3","僳"
"50F5","僵"
"50FB","僻"
"5106","儆"
"5107","儇"
"510B","儋"
"5112","儒"
"5121","儡"
"513F","儿"
"5140","兀"
"5141","允"
"5143","元"
"5144","兄"
"5145","充"
"5146","兆"
"5148","先"
"5149","光"
"514B","克"
"514D","免"
"5151","兑"
"5154","兔"
"5155","兕"
"5156","兖"
"515A","党"
"515C","兜"
"5162","兢"
"5165","入"
"5168","全"
"516B","八"
"516C","公"
"516D","六"
"516E","兮"
"5170","兰"
"5171","共"
"5173","关"
"5174","兴"
"5175","兵"
"5176","其"
"5177","具"
"5178","典"
"5179","兹"
"517B","养"
"517C","兼"
"517D","兽"
"5180","冀"
"5181","冁"
"5182","冂"
"5185","内"
"5188","冈"
"5189","冉"
"518C","册"
"518D","再"
"5192","冒"
"5195","冕"
"5196","冖"
"5197","冗"
"5199","写"
"519B","军"
"519C","农"
"51A0","冠"
"51A2","冢"
"51A4","冤"
"51A5","冥"
"51AB","冫"
"51AC","冬"
"51AF","冯"
"51B0","冰"
"51B1","冱"
"51B2","冲"
"51B3","决"
"51B5","况"
"51B6","冶"
"51B7","冷"
"51BB","冻"
"51BC","冼"
"51BD","冽"
"51C0","净"
"51C4","凄"
"51C6","准"
"51C7","凇"
"51C9","凉"
"51CB","凋"
"51CC","凌"
"51CF","减"
"51D1","凑"
"51DB","凛"
"51DD","凝"
"51E0","几"
"51E1","凡"
"51E4","凤"
"51EB","凫"
"51ED","凭"
"51EF","凯"
"51F0","凰"
"51F3","凳"
"51F5","凵"
"51F6","凶"
"51F8","凸"
"51F9","凹"
"51FA","出"
"51FB","击"
"51FC","凼"
"51FD","函"
"51FF","凿"
"5200","刀"
"5201","刁"
"5202","刂"
"5203","刃"
"5206","分"
"5207","切"
"5208","刈"
"520A","刊"
"520D","刍"
"520E","刎"
"5211","刑"
"5212","划"
"5216","刖"
"5217","列"
"5218","刘"
"5219","则"
"521A","刚"
"521B","创"
"521D","初"
"5220","删"
"5224","判"
"5228","刨"
"5229","利"
"522B","别"
"522D","刭"
"522E","刮"
"5230","到"
"5233","刳"
"5236","制"
"5237","刷"
"5238","券"
"5239","刹"
"523A","刺"
"523B","刻"
"523D","刽"
"523F","刿"
"5240","剀"
"5241","剁"
"5242","剂"
"5243","剃"
"524A","削"
"524C","剌"
"524D","前"
"5250","剐"
"5251","剑"
"5254","剔"
"5256","剖"
"525C","剜"
"525E","剞"
"5261","剡"
"5265","剥"
"5267","剧"
"5269","剩"
"526A","剪"
"526F","副"
"5272","割"
"527D","剽"
"527F","剿"
"5281","劁"
"5282","劂"
"5288","劈"
"5290","劐"
"5293","劓"
"529B","力"
"529D","劝"
"529E","办"
"529F","功"
"52A0","加"
"52A1","务"
"52A2","劢"
"52A3","劣"
"52A8","动"
"52A9","助"
"52AA","努"
"52AB","劫"
"52AC","劬"
"52AD","劭"
"52B1","励"
"52B2","劲"
"52B3","劳"
"52BE","劾"
"52BF","势"
"52C3","勃"
"52C7","勇"
"52C9","勉"
"52CB","勋"
"52D0","勐"
"52D2","勒"
"52D6","勖"
"52D8","勘"
"52DF","募"
"52E4","勤"
"52F0","勰"
"52F9","勹"
"52FA","勺"
"52FE","勾"
"52FF","勿"
"5300","匀"
"5305","包"
"5306","匆"
"5308","匈"
"530D","匍"
"530F","匏"
"5310","匐"
"5315","匕"
"5316","化"
"5317","北"
"5319","匙"
"531A","匚"
"531D","匝"
"5320","匠"
"5321","匡"
"5323","匣"
"5326","匦"
"532A","匪"
"532E","匮"
"5339","匹"
"533A","区"
"533B","医"
"533E","匾"
"533F","匿"
"5341","十"
"5343","千"
"5345","卅"
"5347","升"
"5348","午"
"5349","卉"
"534A","半"
"534E","华"
"534F","协"
"5351","卑"
"5352","卒"
"5353","卓"
"5355","单"
"5356","卖"
"5357","南"
"535A","博"
"535C","卜"
"535E","卞"
"535F","卟"
"5360","占"
"5361","卡"
"5362","卢"
"5363","卣"
"5364","卤"
"5366","卦"
"5367","卧"
"5369","卩"
"536B","卫"
"536E","卮"
"536F","卯"
"5370","印"
"5371","危"
"5373","即"
"5374","却"
"5375","卵"
"5377","卷"
"5378","卸"
"537A","卺"
"537F","卿"
"5382","厂"
"5384","厄"
"5385","厅"
"5386","历"
"5389","厉"
"538B","压"
"538C","厌"
"538D","厍"
"5395","厕"
"5398","厘"
"539A","厚"
"539D","厝"
"539F","原"
"53A2","厢"
"53A3","厣"
"53A5","厥"
"53A6","厦"
"53A8","厨"
"53A9","厩"
"53AE","厮"
"53B6","厶"
"53BB","去"
"53BF","县"
"53C1","叁"
"53C2","参"
"53C8","又"
"53C9","叉"
"53CA","及"
"53CB","友"
"53CC","双"
"53CD","反"
"53D1","发"
"53D4","叔"
"53D6","取"
"53D7","受"
"53D8","变"
"53D9","叙"
"53DB","叛"
"53DF","叟"
"53E0","叠"
"53E3","口"
"53E4","古"
"53E5","句"
"53E6","另"
"53E8","叨"
"53E9","叩"
"53EA","只"
"53EB","叫"
"53EC","召"
"53ED","叭"
"53EE","叮"
"53EF","可"
"53F0","台"
"53F1","叱"
"53F2","史"
"53F3","右"
"53F5","叵"
"53F6","叶"
"53F7","号"
"53F8","司"
"53F9","叹"
"53FB","叻"
"53FC","叼"
"53FD","叽"
"5401","吁"
"5403","吃"
"5404","各"
"5406","吆"
"5408","合"
"5409","吉"
"540A","吊"
"540C","同"
"540D","名"
"540E","后"
"540F","吏"
"5410","吐"
"5411","向"
"5412","吒"
"5413","吓"
"5415","吕"
"5416","吖"
"5417","吗"
"541B","君"
"541D","吝"
"541E","吞"
"541F","吟"
"5420","吠"
"5421","吡"
"5423","吣"
"5426","否"
"5427","吧"
"5428","吨"
"5429","吩"
"542B","含"
"542C","听"
"542D","吭"
"542E","吮"
"542F","启"
"5431","吱"
"5432","吲"
"5434","吴"
"5435","吵"
"5438","吸"
"5439","吹"
"543B","吻"
"543C","吼"
"543E","吾"
"5440","呀"
"5443","呃"
"5446","呆"
"5448","呈"
"544A","告"
"544B","呋"
"5450","呐"
"5452","呒"
"5453","呓"
"5454","呔"
"5455","呕"
"5456","呖"
"5457","呗"
"5458","员"
"5459","呙"
"545B","呛"
"545C","呜"
"5462","呢"
"5464","呤"
"5466","呦"
"5468","周"
"5471","呱"
"5472","呲"
"5473","味"
"5475","呵"
"5476","呶"
"5477","呷"
"5478","呸"
"547B","呻"
"547C","呼"
"547D","命"
"5480","咀"
"5482","咂"
"5484","咄"
"5486","咆"
"548B","咋"
"548C","和"
"548E","咎"
"548F","咏"
"5490","咐"
"5492","咒"
"5494","咔"
"5495","咕"
"5496","咖"
"5499","咙"
"549A","咚"
"549B","咛"
"549D","咝"
"54A3","咣"
"54A4","咤"
"54A6","咦"
"54A7","咧"
"54A8","咨"
"54A9","咩"
"54AA","咪"
"54AB","咫"
"54AC","咬"
"54AD","咭"
"54AF","咯"
"54B1","咱"
"54B3","咳"
"54B4","咴"
"54B8","咸"
"54BB","咻"
"54BD","咽"
"54BF","咿"
"54C0","哀"
"54C1","品"
"54C2","哂"
"54C4","哄"
"54C6","哆"
"54C7","哇"
"54C8","哈"
"54C9","哉"
"54CC","哌"
"54CD","响"
"54CE","哎"
"54CF","哏"
"54D0","哐"
"54D1","哑"
"54D2","哒"
"54D3","哓"
"54D4","哔"
"54D5","哕"
"54D7","哗"
"54D9","哙"
"54DA","哚"
"54DC","哜"
"54DD","哝"
"54DE","哞"
"54DF","哟"
"54E5","哥"
"54E6","哦"
"54E7","哧"
"54E8","哨"
"54E9","哩"
"54EA","哪"
"54ED","哭"
"54EE","哮"
"54F2","哲"
"54F3","哳"
"54FA","哺"
"54FC","哼"
"54FD","哽"
"54FF","哿"
"5501","唁"
"5506","唆"
"5507","唇"
"5509","唉"
"550F","唏"
"5510","唐"
"5511","唑"
"5514","唔"
"551B","唛"
"5520","唠"
"5522","唢"
"5523","唣"
"5524","唤"
"5527","唧"
"552A","唪"
"552C","唬"
"552E","售"
"552F","唯"
"5530","唰"
"5531","唱"
"5533","唳"
"5537","唷"
"553C","唼"
"553E","唾"
"553F","唿"
"5541","啁"
"5543","啃"
"5544","啄"
"5546","商"
"5549","啉"
"554A","啊"
"5550","啐"
"5555","啕"
"5556","啖"
"555C","啜"
"5561","啡"
"5564","啤"
"5565","啥"
"5566","啦"
"5567","啧"
"556A","啪"
"556C","啬"
"556D","啭"
"556E","啮"
"5575","啵"
"5576","啶"
"5577","啷"
"5578","啸"
"557B","啻"
"557C","啼"
"557E","啾"
"5580","喀"
"5581","喁"
"5582","喂"
"5583","喃"
"5584","善"
"5587","喇"
"5588","喈"
"5589","喉"
"558A","喊"
"558B","喋"
"558F","喏"
"5591","喑"
"5594","喔"
"5598","喘"
"5599","喙"
"559C","喜"
"559D","喝"
"559F","喟"
"55A7","喧"
"55B1","喱"
"55B3","喳"
"55B5","喵"
"55B7","喷"
"55B9","喹"
"55BB","喻"
"55BD","喽"
"55BE","喾"
"55C4","嗄"
"55C5","嗅"
"55C9","嗉"
"55CC","嗌"
"55CD","嗍"
"55D1","嗑"
"55D2","嗒"
"55D3","嗓"
"55D4","嗔"
"55D6","嗖"
"55DC","嗜"
"55DD","嗝"
"55DF","嗟"
"55E1","嗡"
"55E3","嗣"
"55E4","嗤"
"55E5","嗥"
"55E6","嗦"
"55E8","嗨"
"55EA","嗪"
"55EB","嗫"
"55EC","嗬"
"55EF","嗯"
"55F2","嗲"
"55F3","嗳"
"55F5","嗵"
"55F7","嗷"
"55FD","嗽"
"55FE","嗾"
"5600","嘀"
"5601","嘁"
"5608","嘈"
"5609","嘉"
"560C","嘌"
"560E","嘎"
"560F","嘏"
"5618","嘘"
"561B","嘛"
"561E","嘞"
"561F","嘟"
"5623","嘣"
"5624","嘤"
"5627","嘧"
"562C","嘬"
"562D","嘭"
"5631","嘱"
"5632","嘲"
"5634","嘴"
"5636","嘶"
"5639","嘹"
"563B","嘻"
"563F","嘿"
"564C","噌"
"564D","噍"
"564E","噎"
"5654","噔"
"5657","噗"
"5658","噘"
"5659","噙"
"565C","噜"
"5662","噢"
"5664","噤"
"5668","器"
"5669","噩"
"566A","噪"
"566B","噫"
"566C","噬"
"5671","噱"
"5676","噶"
"567B","噻"
"567C","噼"
"5685","嚅"
"5686","嚆"
"568E","嚎"
"568F","嚏"
"5693","嚓"
"56A3","嚣"
"56AF","嚯"
"56B7","嚷"
"56BC","嚼"
"56CA","囊"
"56D4","囔"
"56D7","囗"
"56DA","囚"
"56DB","四"
"56DD","囝"
"56DE","回"
"56DF","囟"
"56E0","因"
"56E1","囡"
"56E2","团"
"56E4","囤"
"56EB","囫"
"56ED","园"
"56F0","困"
"56F1","囱"
"56F4","围"
"56F5","囵"
"56F9","囹"
"56FA","固"
"56FD","国"
"56FE","图"
"56FF","囿"
"5703","圃"
"5704","圄"
"5706","圆"
"5708","圈"
"5709","圉"
"570A","圊"
"571C","圜"
"571F","土"
"5723","圣"
"5728","在"
"5729","圩"
"572A","圪"
"572C","圬"
"572D","圭"
"572E","圮"
"572F","圯"
"5730","地"
"5733","圳"
"5739","圹"
"573A","场"
"573B","圻"
"573E","圾"
"5740","址"
"5742","坂"
"5747","均"
"574A","坊"
"574C","坌"
"574D","坍"
"574E","坎"
"574F","坏"
"5750","坐"
"5751","坑"
"5757","块"
"575A","坚"
"575B","坛"
"575C","坜"
"575D","坝"
"575E","坞"
"575F","坟"
"5760","坠"
"5761","坡"
"5764","坤"
"5766","坦"
"5768","坨"
"5769","坩"
"576A","坪"
"576B","坫"
"576D","坭"
"576F","坯"
"5773","坳"
"5776","坶"
"5777","坷"
"577B","坻"
"577C","坼"
"5782","垂"
"5783","垃"
"5784","垄"
"5785","垅"
"5786","垆"
"578B","型"
"578C","垌"
"5792","垒"
"5793","垓"
"579B","垛"
"57A0","垠"
"57A1","垡"
"57A2","垢"
"57A3","垣"
"57A4","垤"
"57A6","垦"
"57A7","垧"
"57A9","垩"
"57AB","垫"
"57AD","垭"
"57AE","垮"
"57B2","垲"
"57B4","垴"
"57B8","垸"
"57C2","埂"
"57C3","埃"
"57CB","埋"
"57CE","城"
"57CF","埏"
"57D2","埒"
"57D4","埔"
"57D5","埕"
"57D8","埘"
"57D9","埙"
"57DA","埚"
"57DD","埝"
"57DF","域"
"57E0","埠"
"57E4","埤"
"57ED","埭"
"57EF","埯"
"57F4","埴"
"57F8","埸"
"57F9","培"
"57FA","基"
"57FD","埽"
"5800","堀"
"5802","堂"
"5806","堆"
"5807","堇"
"580B","堋"
"580D","堍"
"5811","堑"
"5815","堕"
"5819","堙"
"581E","堞"
"5820","堠"
"5821","堡"
"5824","堤"
"582A","堪"
"5830","堰"
"5835","堵"
"5844","塄"
"584C","塌"
"584D","塍"
"5851","塑"
"5854","塔"
"5858","塘"
"585E","塞"
"5865","塥"
"586B","填"
"586C","塬"
"587E","塾"
"5880","墀"
"5881","墁"
"5883","境"
"5885","墅"
"5889","墉"
"5892","墒"
"5893","墓"
"5899","墙"
"589A","墚"
"589E","增"
"589F","墟"
"58A8","墨"
"58A9","墩"
"58BC","墼"
"58C1","壁"
"58C5","壅"
"58D1","壑"
"58D5","壕"
"58E4","壤"
"58EB","士"
"58EC","壬"
"58EE","壮"
"58F0","声"
"58F3","壳"
"58F6","壶"
"58F9","壹"
"5902","夂"
"5904","处"
"5907","备"
"590D","复"
"590F","夏"
"5914","夔"
"5915","夕"
"5916","外"
"5919","夙"
"591A","多"
"591C","夜"
"591F","够"
"5924","夤"
"5925","夥"
"5927","大"
"5929","天"
"592A","太"
"592B","夫"
"592D","夭"
"592E","央"
"592F","夯"
"5931","失"
"5934","头"
"5937","夷"
"5938","夸"
"5939","夹"
"593A","夺"
"593C","夼"
"5941","奁"
"5942","奂"
"5944","奄"
"5947","奇"
"5948","奈"
"5949","奉"
"594B","奋"
"594E","奎"
"594F","奏"
"5951","契"
"5954","奔"
"5955","奕"
"5956","奖"
"5957","套"
"5958","奘"
"595A","奚"
"5960","奠"
"5962","奢"
"5965","奥"
"5973","女"
"5974","奴"
"5976","奶"
"5978","奸"
"5979","她"
"597D","好"
"5981","妁"
"5982","如"
"5983","妃"
"5984","妄"
"5986","妆"
"5987","妇"
"5988","妈"
"598A","妊"
"598D","妍"
"5992","妒"
"5993","妓"
"5996","妖"
"5997","妗"
"5999","妙"
"599E","妞"
"59A3","妣"
"59A4","妤"
"59A5","妥"
"59A8","妨"
"59A9","妩"
"59AA","妪"
"59AB","妫"
"59AE","妮"
"59AF","妯"
"59B2","妲"
"59B9","妹"
"59BB","妻"
"59BE","妾"
"59C6","姆"
"59CA","姊"
"59CB","始"
"59D0","姐"
"59D1","姑"
"59D2","姒"
"59D3","姓"
"59D4","委"
"59D7","姗"
"59D8","姘"
"59DA","姚"
"59DC","姜"
"59DD","姝"
"59E3","姣"
"59E5","姥"
"59E8","姨"
"59EC","姬"
"59F9","姹"
"59FB","姻"
"59FF","姿"
"5A01","威"
"5A03","娃"
"5A04","娄"
"5A05","娅"
"5A06","娆"
"5A07","娇"
"5A08","娈"
"5A09","娉"
"5A0C","娌"
"5A11","娑"
"5A13","娓"
"5A18","娘"
"5A1C","娜"
"5A1F","娟"
"5A20","娠"
"5A23","娣"
"5A25","娥"
"5A29","娩"
"5A31","娱"
"5A32","娲"
"5A34","娴"
"5A36","娶"
"5A3C","娼"
"5A40","婀"
"5A46","婆"
"5A49","婉"
"5A4A","婊"
"5A55","婕"
"5A5A","婚"
"5A62","婢"
"5A67","婧"
"5A6A","婪"
"5A74","婴"
"5A75","婵"
"5A76","婶"
"5A77","婷"
"5A7A","婺"
"5A7F","婿"
"5A92","媒"
"5A9A","媚"
"5A9B","媛"
"5AAA","媪"
"5AB2","媲"
"5AB3","媳"
"5AB5","媵"
"5AB8","媸"
"5ABE","媾"
"5AC1","嫁"
"5AC2","嫂"
"5AC9","嫉"
"5ACC","嫌"
"5AD2","嫒"
"5AD4","嫔"
"5AD6","嫖"
"5AD8","嫘"
"5ADC","嫜"
"5AE0","嫠"
"5AE1","嫡"
"5AE3","嫣"
"5AE6","嫦"
"5AE9","嫩"
"5AEB","嫫"
"5AF1","嫱"
"5B09","嬉"
"5B16","嬖"
"5B17","嬗"
"5B32","嬲"
"5B34","嬴"
"5B37","嬷"
"5B40","孀"
"5B50","子"
"5B51","孑"
"5B53","孓"
"5B54","孔"
"5B55","孕"
"5B57","字"
"5B58","存"
"5B59","孙"
"5B5A","孚"
"5B5B","孛"
"5B5C","孜"
"5B5D","孝"
"5B5F","孟"
"5B62","孢"
"5B63","季"
"5B64","孤"
"5B65","孥"
"5B66","学"
"5B69","孩"
"5B6A","孪"
"5B6C","孬"
"5B70","孰"
"5B71","孱"
"5B73","孳"
"5B75","孵"
"5B7A","孺"
"5B7D","孽"
"5B80","宀"
"5B81","宁"
"5B83","它"
"5B84","宄"
"5B85","宅"
"5B87","宇"
"5B88","守"
"5B89","安"
"5B8B","宋"
"5B8C","完"
"5B8F","宏"
"5B93","宓"
"5B95","宕"
"5B97","宗"
"5B98","官"
"5B99","宙"
"5B9A","定"
"5B9B","宛"
"5B9C","宜"
"5B9D","宝"
"5B9E","实"
"5BA0","宠"
"5BA1","审"
"5BA2","客"
"5BA3","宣"
"5BA4","室"
"5BA5","宥"
"5BA6","宦"
"5BAA","宪"
"5BAB","宫"
"5BB0","宰"
"5BB3","害"
"5BB4","宴"
"5BB5","宵"
"5BB6","家"
"5BB8","宸"
"5BB9","容"
"5BBD","宽"
"5BBE","宾"
"5BBF","宿"
"5BC2","寂"
"5BC4","寄"
"5BC5","寅"
"5BC6","密"
"5BC7","寇"
"5BCC","富"
"5BD0","寐"
"5BD2","寒"
"5BD3","寓"
"5BDD","寝"
"5BDE","寞"
"5BDF","察"
"5BE1","寡"
"5BE4","寤"
"5BE5","寥"
"5BE8","寨"
"5BEE","寮"
"5BF0","寰"
"5BF8","寸"
"5BF9","对"
"5BFA","寺"
"5BFB","寻"
"5BFC","导"
"5BFF","寿"
"5C01","封"
"5C04","射"
"5C06","将"
"5C09","尉"
"5C0A","尊"
"5C0F","小"
"5C11","少"
"5C14","尔"
"5C15","尕"
"5C16","尖"
"5C18","尘"
"5C1A","尚"
"5C1C","尜"
"5C1D","尝"
"5C22","尢"
"5C24","尤"
"5C25","尥"
"5C27","尧"
"5C2C","尬"
"5C31","就"
"5C34","尴"
"5C38","尸"
"5C39","尹"
"5C3A","尺"
"5C3B","尻"
"5C3C","尼"
"5C3D","尽"
"5C3E","尾"
"5C3F","尿"
"5C40","局"
"5C41","屁"
"5C42","层"
"5C45","居"
"5C48","屈"
"5C49","屉"
"5C4A","届"
"5C4B","屋"
"5C4E","屎"
"5C4F","屏"
"5C50","屐"
"5C51","屑"
"5C55","展"
"5C59","屙"
"5C5E","属"
"5C60","屠"
"5C61","屡"
"5C63","屣"
"5C65","履"
"5C66","屦"
"5C6E","屮"
"5C6F","屯"
"5C71","山"
"5C79","屹"
"5C7A","屺"
"5C7F","屿"
"5C81","岁"
"5C82","岂"
"5C88","岈"
"5C8C","岌"
"5C8D","岍"
"5C90","岐"
"5C91","岑"
"5C94","岔"
"5C96","岖"
"5C97","岗"
"5C98","岘"
"5C99","岙"
"5C9A","岚"
"5C9B","岛"
"5C9C","岜"
"5CA2","岢"
"5CA3","岣"
"5CA9","岩"
"5CAB","岫"
"5CAC","岬"
"5CAD","岭"
"5CB1","岱"
"5CB3","岳"
"5CB5","岵"
"5CB7","岷"
"5CB8","岸"
"5CBD","岽"
"5CBF","岿"
"5CC1","峁"
"5CC4","峄"
"5CCB","峋"
"5CD2","峒"
"5CD9","峙"
"5CE1","峡"
"5CE4","峤"
"5CE5","峥"
"5CE6","峦"
"5CE8","峨"
"5CEA","峪"
"5CED","峭"
"5CF0","峰"
"5CFB","峻"
"5D02","崂"
"5D03","崃"
"5D06","崆"
"5D07","崇"
"5D0E","崎"
"5D14","崔"
"5D16","崖"
"5D1B","崛"
"5D1E","崞"
"5D24","崤"
"5D26","崦"
"5D27","崧"
"5D29","崩"
"5D2D","崭"
"5D2E","崮"
"5D34","崴"
"5D3D","崽"
"5D3E","崾"
"5D47","嵇"
"5D4A","嵊"
"5D4B","嵋"
"5D4C","嵌"
"5D58","嵘"
"5D5B","嵛"
"5D5D","嵝"
"5D69","嵩"
"5D6B","嵫"
"5D6C","嵬"
"5D6F","嵯"
"5D74","嵴"
"5D82","嶂"
"5D99","嶙"
"5D9D","嶝"
"5DB7","嶷"
"5DC5","巅"
"5DCD","巍"
"5DDB","巛"
"5DDD","川"
"5DDE","州"
"5DE1","巡"
"5DE2","巢"
"5DE5","工"
"5DE6","左"
"5DE7","巧"
"5DE8","巨"
"5DE9","巩"
"5DEB","巫"
"5DEE","差"
"5DEF","巯"
"5DF1","己"
"5DF2","已"
"5DF3","巳"
"5DF4","巴"
"5DF7","巷"
"5DFD","巽"
"5DFE","巾"
"5E01","币"
"5E02","市"
"5E03","布"
"5E05","帅"
"5E06","帆"
"5E08","师"
"5E0C","希"
"5E0F","帏"
"5E10","帐"
"5E11","帑"
"5E14","帔"
"5E15","帕"
"5E16","帖"
"5E18","帘"
"5E19","帙"
"5E1A","帚"
"5E1B","帛"
"5E1C","帜"
"5E1D","帝"
"5E26","带"
"5E27","帧"
"5E2D","席"
"5E2E","帮"
"5E31","帱"
"5E37","帷"
"5E38","常"
"5E3B","帻"
"5E3C","帼"
"5E3D","帽"
"5E42","幂"
"5E44","幄"
"5E45","幅"
"5E4C","幌"
"5E54","幔"
"5E55","幕"
"5E5B","幛"
"5E5E","幞"
"5E61","幡"
"5E62","幢"
"5E72","干"
"5E73","平"
"5E74","年"
"5E76","并"
"5E78","幸"
"5E7A","幺"
"5E7B","幻"
"5E7C","幼"
"5E7D","幽"
"5E7F","广"
"5E80","庀"
"5E84","庄"
"5E86","庆"
"5E87","庇"
"5E8A","床"
"5E8B","庋"
"5E8F","序"
"5E90","庐"
"5E91","庑"
"5E93","库"
"5E94","应"
"5E95","底"
"5E96","庖"
"5E97","店"
"5E99","庙"
"5E9A","庚"
"5E9C","府"
"5E9E","庞"
"5E9F","废"
"5EA0","庠"
"5EA5","庥"
"5EA6","度"
"5EA7","座"
"5EAD","庭"
"5EB3","庳"
"5EB5","庵"
"5EB6","庶"
"5EB7","康"
"5EB8","庸"
"5EB9","庹"
"5EBE","庾"
"5EC9","廉"
"5ECA","廊"
"5ED1","廑"
"5ED2","廒"
"5ED3","廓"
"5ED6","廖"
"5EDB","廛"
"5EE8","廨"
"5EEA","廪"
"5EF4","廴"
"5EF6","延"
"5EF7","廷"
"5EFA","建"
"5EFE","廾"
"5EFF","廿"
"5F00","开"
"5F01","弁"
"5F02","异"
"5F03","弃"
"5F04","弄"
"5F08","弈"
"5F0A","弊"
"5F0B","弋"
"5F0F","式"
"5F11","弑"
"5F13","弓"
"5F15","引"
"5F17","弗"
"5F18","弘"
"5F1B","弛"
"5F1F","弟"
"5F20","张"
"5F25","弥"
"5F26","弦"
"5F27","弧"
"5F29","弩"
"5F2A","弪"
"5F2D","弭"
"5F2F","弯"
"5F31","弱"
"5F39","弹"
"5F3A","强"
"5F3C","弼"
"5F40","彀"
"5F50","彐"
"5F52","归"
"5F53","当"
"5F55","录"
"5F56","彖"
"5F57","彗"
"5F58","彘"
"5F5D","彝"
"5F61","彡"
"5F62","形"
"5F64","彤"
"5F66","彦"
"5F69","彩"
"5F6A","彪"
"5F6C","彬"
"5F6D","彭"
"5F70","彰"
"5F71","影"
"5F73","彳"
"5F77","彷"
"5F79","役"
"5F7B","彻"
"5F7C","彼"
"5F80","往"
"5F81","征"
"5F82","徂"
"5F84","径"
"5F85","待"
"5F87","徇"
"5F88","很"
"5F89","徉"
"5F8A","徊"
"5F8B","律"
"5F8C","後"
"5F90","徐"
"5F92","徒"
"5F95","徕"
"5F97","得"
"5F98","徘"
"5F99","徙"
"5F9C","徜"
"5FA1","御"
"5FA8","徨"
"5FAA","循"
"5FAD","徭"
"5FAE","微"
"5FB5","徵"
"5FB7","德"
"5FBC","徼"
"5FBD","徽"
"5FC3","心"
"5FC4","忄"
"5FC5","必"
"5FC6","忆"
"5FC9","忉"
"5FCC","忌"
"5FCD","忍"
"5FCF","忏"
"5FD0","忐"
"5FD1","忑"
"5FD2","忒"
"5FD6","忖"
"5FD7","志"
"5FD8","忘"
"5FD9","忙"
"5FDD","忝"
"5FE0","忠"
"5FE1","忡"
"5FE4","忤"
"5FE7","忧"
"5FEA","忪"
"5FEB","快"
"5FED","忭"
"5FEE","忮"
"5FF1","忱"
"5FF5","念"
"5FF8","忸"
"5FFB","忻"
"5FFD","忽"
"5FFE","忾"
"5FFF","忿"
"6000","怀"
"6001","态"
"6002","怂"
"6003","怃"
"6004","怄"
"6005","怅"
"6006","怆"
"600A","怊"
"600D","怍"
"600E","怎"
"600F","怏"
"6012","怒"
"6014","怔"
"6015","怕"
"6016","怖"
"6019","怙"
"601B","怛"
"601C","怜"
"601D","思"
"6020","怠"
"6021","怡"
"6025","急"
"6026","怦"
"6027","性"
"6028","怨"
"6029","怩"
"602A","怪"
"602B","怫"
"602F","怯"
"6035","怵"
"603B","总"
"603C","怼"
"603F","怿"
"6041","恁"
"6042","恂"
"6043","恃"
"604B","恋"
"604D","恍"
"6050","恐"
"6052","恒"
"6055","恕"
"6059","恙"
"605A","恚"
"605D","恝"
"6062","恢"
"6063","恣"
"6064","恤"
"6067","恧"
"6068","恨"
"6069","恩"
"606A","恪"
"606B","恫"
"606C","恬"
"606D","恭"
"606F","息"
"6070","恰"
"6073","恳"
"6076","恶"
"6078","恸"
"6079","恹"
"607A","恺"
"607B","恻"
"607C","恼"
"607D","恽"
"607F","恿"
"6083","悃"
"6084","悄"
"6089","悉"
"608C","悌"
"608D","悍"
"6092","悒"
"6094","悔"
"6096","悖"
"609A","悚"
"609B","悛"
"609D","悝"
"609F","悟"
"60A0","悠"
"60A3","患"
"60A6","悦"
"60A8","您"
"60AB","悫"
"60AC","悬"
"60AD","悭"
"60AF","悯"
"60B1","悱"
"60B2","悲"
"60B4","悴"
"60B8","悸"
"60BB","悻"
"60BC","悼"
"60C5","情"
"60C6","惆"
"60CA","惊"
"60CB","惋"
"60D1","惑"
"60D5","惕"
"60D8","惘"
"60DA","惚"
"60DC","惜"
"60DD","惝"
"60DF","惟"
"60E0","惠"
"60E6","惦"
"60E7","惧"
"60E8","惨"
"60E9","惩"
"60EB","惫"
"60EC","惬"
"60ED","惭"
"60EE","惮"
"60EF","惯"
"60F0","惰"
"60F3","想"
"60F4","惴"
"60F6","惶"
"60F9","惹"
"60FA","惺"
"6100","愀"
"6101","愁"
"6106","愆"
"6108","愈"
"6109","愉"
"610D","愍"
"610E","愎"
"610F","意"
"6115","愕"
"611A","愚"
"611F","感"
"6120","愠"
"6123","愣"
"6124","愤"
"6126","愦"
"6127","愧"
"612B","愫"
"613F","愿"
"6148","慈"
"614A","慊"
"614C","慌"
"614E","慎"
"6151","慑"
"6155","慕"
"615D","慝"
"6162","慢"
"6167","慧"
"6168","慨"
"6170","慰"
"6175","慵"
"6177","慷"
"618B","憋"
"618E","憎"
"6194","憔"
"619D","憝"
"61A7","憧"
"61A8","憨"
"61A9","憩"
"61AC","憬"
"61B7","憷"
"61BE","憾"
"61C2","懂"
"61C8","懈"
"61CA","懊"
"61CB","懋"
"61D1","懑"
"61D2","懒"
"61D4","懔"
"61E6","懦"
"61F5","懵"
"61FF","懿"
"6206","戆"
"6208","戈"
"620A","戊"
"620B","戋"
"620C","戌"
"620D","戍"
"620E","戎"
"620F","戏"
"6210","成"
"6211","我"
"6212","戒"
"6215","戕"
"6216","或"
"6217","戗"
"6218","战"
"621A","戚"
"621B","戛"
"621F","戟"
"6221","戡"
"6222","戢"
"6224","戤"
"6225","戥"
"622A","截"
"622C","戬"
"622E","戮"
"6233","戳"
"6234","戴"
"6237","户"
"623D","戽"
"623E","戾"
"623F","房"
"6240","所"
"6241","扁"
"6243","扃"
"6247","扇"
"6248","扈"
"6249","扉"
"624B","手"
"624C","扌"
"624D","才"
"624E","扎"
"6251","扑"
"6252","扒"
"6253","打"
"6254","扔"
"6258","托"
"625B","扛"
"6263","扣"
"6266","扦"
"6267","执"
"6269","扩"
"626A","扪"
"626B","扫"
"626C","扬"
"626D","扭"
"626E","扮"
"626F","扯"
"6270","扰"
"6273","扳"
"6276","扶"
"6279","批"
"627C","扼"
"627E","找"
"627F","承"
"6280","技"
"6284","抄"
"6289","抉"
"628A","把"
"6291","抑"
"6292","抒"
"6293","抓"
"6295","投"
"6296","抖"
"6297","抗"
"6298","折"
"629A","抚"
"629B","抛"
"629F","抟"
"62A0","抠"
"62A1","抡"
"62A2","抢"
"62A4","护"
"62A5","报"
"62A8","抨"
"62AB","披"
"62AC","抬"
"62B1","抱"
"62B5","抵"
"62B9","抹"
"62BB","抻"
"62BC","押"
"62BD","抽"
"62BF","抿"
"62C2","拂"
"62C4","拄"
"62C5","担"
"62C6","拆"
"62C7","拇"
"62C8","拈"
"62C9","拉"
"62CA","拊"
"62CC","拌"
"62CD","拍"
"62CE","拎"
"62D0","拐"
"62D2","拒"
"62D3","拓"
"62D4","拔"
"62D6","拖"
"62D7","拗"
"62D8","拘"
"62D9","拙"
"62DA","拚"
"62DB","招"
"62DC","拜"
"62DF","拟"
"62E2","拢"
"62E3","拣"
"62E5","拥"
"62E6","拦"
"62E7","拧"
"62E8","拨"
"62E9","择"
"62EC","括"
"62ED","拭"
"62EE","拮"
"62EF","拯"
"62F1","拱"
"62F3","拳"
"62F4","拴"
"62F6","拶"
"62F7","拷"
"62FC","拼"
"62FD","拽"
"62FE","拾"
"62FF","拿"
"6301","持"
"6302","挂"
"6307","指"
"6308","挈"
"6309","按"
"630E","挎"
"6311","挑"
"6316","挖"
"631A","挚"
"631B","挛"
"631D","挝"
"631E","挞"
"631F","挟"
"6320","挠"
"6321","挡"
"6322","挢"
"6323","挣"
"6324","挤"
"6325","挥"
"6328","挨"
"632A","挪"
"632B","挫"
"632F","振"
"6332","挲"
"6339","挹"
"633A","挺"
"633D","挽"
"6342","捂"
"6343","捃"
"6345","捅"
"6346","捆"
"6349","捉"
"634B","捋"
"634C","捌"
"634D","捍"
"634E","捎"
"634F","捏"
"6350","捐"
"6355","捕"
"635E","捞"
"635F","损"
"6361","捡"
"6362","换"
"6363","捣"
"6367","捧"
"6369","捩"
"636D","捭"
"636E","据"
"6371","捱"
"6376","捶"
"6377","捷"
"637A","捺"
"637B","捻"
"6380","掀"
"6382","掂"
"6387","掇"
"6388","授"
"6389","掉"
"638A","掊"
"638C","掌"
"638E","掎"
"638F","掏"
"6390","掐"
"6392","排"
"6396","掖"
"6398","掘"
"63A0","掠"
"63A2","探"
"63A3","掣"
"63A5","接"
"63A7","控"
"63A8","推"
"63A9","掩"
"63AA","措"
"63AC","掬"
"63AD","掭"
"63AE","掮"
"63B0","掰"
"63B3","掳"
"63B4","掴"
"63B7","掷"
"63B8","掸"
"63BA","掺"
"63BC","掼"
"63BE","掾"
"63C4","揄"
"63C6","揆"
"63C9","揉"
"63CD","揍"
"63CE","揎"
"63CF","描"
"63D0","提"
"63D2","插"
"63D6","揖"
"63DE","揞"
"63E0","揠"
"63E1","握"
"63E3","揣"
"63E9","揩"
"63EA","揪"
"63ED","揭"
"63F2","揲"
"63F4","援"
"63F6","揶"
"63F8","揸"
"63FD","揽"
"63FF","揿"
"6400","搀"
"6401","搁"
"6402","搂"
"6405","搅"
"640B","搋"
"640C","搌"
"640F","搏"
"6410","搐"
"6413","搓"
"6414","搔"
"641B","搛"
"641C","搜"
"641E","搞"
"6420","搠"
"6421","搡"
"6426","搦"
"642A","搪"
"642C","搬"
"642D","搭"
"6434","搴"
"643A","携"
"643D","搽"
"643F","搿"
"6441","摁"
"6444","摄"
"6445","摅"
"6446","摆"
"6447","摇"
"6448","摈"
"644A","摊"
"6452","摒"
"6454","摔"
"6458","摘"
"645E","摞"
"6467","摧"
"6469","摩"
"646D","摭"
"6478","摸"
"6479","摹"
"647A","摺"
"6482","撂"
"6484","撄"
"6485","撅"
"6487","撇"
"6491","撑"
"6492","撒"
"6495","撕"
"6496","撖"
"6499","撙"
"649E","撞"
"64A4","撤"
"64A9","撩"
"64AC","撬"
"64AD","播"
"64AE","撮"
"64B0","撰"
"64B5","撵"
"64B7","撷"
"64B8","撸"
"64BA","撺"
"64BC","撼"
"64C0","擀"
"64C2","擂"
"64C5","擅"
"64CD","操"
"64CE","擎"
"64D0","擐"
"64D2","擒"
"64D7","擗"
"64D8","擘"
"64DE","擞"
"64E2","擢"
"64E4","擤"
"64E6","擦"
"6500","攀"
"6509","攉"
"6512","攒"
"6518","攘"
"6525","攥"
"652B","攫"
"652E","攮"
"652F","支"
"6534","攴"
"6535","攵"
"6536","收"
"6538","攸"
"6539","改"
"653B","攻"
"653E","放"
"653F","政"
"6545","故"
"6548","效"
"6549","敉"
"654C","敌"
"654F","敏"
"6551","救"
"6555","敕"
"6556","敖"
"6559","教"
"655B","敛"
"655D","敝"
"655E","敞"
"6562","敢"
"6563","散"
"6566","敦"
"656B","敫"
"656C","敬"
"6570","数"
"6572","敲"
"6574","整"
"6577","敷"
"6587","文"
"658B","斋"
"658C","斌"
"6590","斐"
"6591","斑"
"6593","斓"
"6597","斗"
"6599","料"
"659B","斛"
"659C","斜"
"659F","斟"
"65A1","斡"
"65A4","斤"
"65A5","斥"
"65A7","斧"
"65A9","斩"
"65AB","斫"
"65AD","断"
"65AF","斯"
"65B0","新"
"65B9","方"
"65BC","於"
"65BD","施"
"65C1","旁"
"65C3","旃"
"65C4","旄"
"65C5","旅"
"65C6","旆"
"65CB","旋"
"65CC","旌"
"65CE","旎"
"65CF","族"
"65D2","旒"
"65D6","旖"
"65D7","旗"
"65E0","无"
"65E2","既"
"65E5","日"
"65E6","旦"
"65E7","旧"
"65E8","旨"
"65E9","早"
"65EC","旬"
"65ED","旭"
"65EE","旮"
"65EF","旯"
"65F0","旰"
"65F1","旱"
"65F6","时"
"65F7","旷"
"65FA","旺"
"6600","昀"
"6602","昂"
"6603","昃"
"6606","昆"
"660A","昊"
"660C","昌"
"660E","明"
"660F","昏"
"6613","易"
"6614","昔"
"6615","昕"
"6619","昙"
"661D","昝"
"661F","星"
"6620","映"
"6625","春"
"6627","昧"
"6628","昨"
"662D","昭"
"662F","是"
"6631","昱"
"6634","昴"
"6635","昵"
"6636","昶"
"663C","昼"
"663E","显"
"6641","晁"
"6643","晃"
"664B","晋"
"664C","晌"
"664F","晏"
"6652","晒"
"6653","晓"
"6654","晔"
"6655","晕"
"6656","晖"
"6657","晗"
"665A","晚"
"665F","晟"
"6661","晡"
"6664","晤"
"6666","晦"
"6668","晨"
"666E","普"
"666F","景"
"6670","晰"
"6674","晴"
"6676","晶"
"6677","晷"
"667A","智"
"667E","晾"
"6682","暂"
"6684","暄"
"6687","暇"
"668C","暌"
"6691","暑"
"6696","暖"
"6697","暗"
"669D","暝"
"66A7","暧"
"66A8","暨"
"66AE","暮"
"66B4","暴"
"66B9","暹"
"66BE","暾"
"66D9","曙"
"66DB","曛"
"66DC","曜"
"66DD","曝"
"66E6","曦"
"66E9","曩"
"66F0","曰"
"66F2","曲"
"66F3","曳"
"66F4","更"
"66F7","曷"
"66F9","曹"
"66FC","曼"
"66FE","曾"
"66FF","替"
"6700","最"
"6708","月"
"6709","有"
"670A","朊"
"670B","朋"
"670D","服"
"6710","朐"
"6714","朔"
"6715","朕"
"6717","朗"
"671B","望"
"671D","朝"
"671F","期"
"6726","朦"
"6728","木"
"672A","未"
"672B","末"
"672C","本"
"672D","札"
"672F","术"
"6731","朱"
"6734","朴"
"6735","朵"
"673A","机"
"673D","朽"
"6740","杀"
"6742","杂"
"6743","权"
"6746","杆"
"6748","杈"
"6749","杉"
"674C","杌"
"674E","李"
"674F","杏"
"6750","材"
"6751","村"
"6753","杓"
"6756","杖"
"675C","杜"
"675E","杞"
"675F","束"
"6760","杠"
"6761","条"
"6765","来"
"6768","杨"
"6769","杩"
"676A","杪"
"676D","杭"
"676F","杯"
"6770","杰"
"6772","杲"
"6773","杳"
"6775","杵"
"6777","杷"
"677C","杼"
"677E","松"
"677F","板"
"6781","极"
"6784","构"
"6787","枇"
"6789","枉"
"678B","枋"
"6790","析"
"6795","枕"
"6797","林"
"6798","枘"
"679A","枚"
"679C","果"
"679D","枝"
"679E","枞"
"67A2","枢"
"67A3","枣"
"67A5","枥"
"67A7","枧"
"67A8","枨"
"67AA","枪"
"67AB","枫"
"67AD","枭"
"67AF","枯"
"67B0","枰"
"67B3","枳"
"67B5","枵"
"67B6","架"
"67B7","枷"
"67B8","枸"
"67C1","柁"
"67C3","柃"
"67C4","柄"
"67CF","柏"
"67D0","某"
"67D1","柑"
"67D2","柒"
"67D3","染"
"67D4","柔"
"67D8","柘"
"67D9","柙"
"67DA","柚"
"67DC","柜"
"67DD","柝"
"67DE","柞"
"67E0","柠"
"67E2","柢"
"67E5","查"
"67E9","柩"
"67EC","柬"
"67EF","柯"
"67F0","柰"
"67F1","柱"
"67F3","柳"
"67F4","柴"
"67FD","柽"
"67FF","柿"
"6800","栀"
"6805","栅"
"6807","标"
"6808","栈"
"6809","栉"
"680A","栊"
"680B","栋"
"680C","栌"
"680E","栎"
"680F","栏"
"6811","树"
"6813","栓"
"6816","栖"
"6817","栗"
"681D","栝"
"6821","校"
"6829","栩"
"682A","株"
"6832","栲"
"6833","栳"
"6837","样"
"6838","核"
"6839","根"
"683C","格"
"683D","栽"
"683E","栾"
"6840","桀"
"6841","桁"
"6842","桂"
"6843","桃"
"6844","桄"
"6845","桅"
"6846","框"
"6848","案"
"6849","桉"
"684A","桊"
"684C","桌"
"684E","桎"
"6850","桐"
"6851","桑"
"6853","桓"
"6854","桔"
"6855","桕"
"6860","桠"
"6861","桡"
"6862","桢"
"6863","档"
"6864","桤"
"6865","桥"
"6866","桦"
"6867","桧"
"6868","桨"
"6869","桩"
"686B","桫"
"6874","桴"
"6876","桶"
"6877","桷"
"6881","梁"
"6883","梃"
"6885","梅"
"6886","梆"
"688F","梏"
"6893","梓"
"6897","梗"
"68A2","梢"
"68A6","梦"
"68A7","梧"
"68A8","梨"
"68AD","梭"
"68AF","梯"
"68B0","械"
"68B3","梳"
"68B5","梵"
"68C0","检"
"68C2","棂"
"68C9","棉"
"68CB","棋"
"68CD","棍"
"68D2","棒"
"68D5","棕"
"68D8","棘"
"68DA","棚"
"68E0","棠"
"68E3","棣"
"68EE","森"
"68F0","棰"
"68F1","棱"
"68F5","棵"
"68F9","棹"
"68FA","棺"
"68FC","棼"
"6901","椁"
"6905","椅"
"690B","椋"
"690D","植"
"690E","椎"
"6910","椐"
"6912","椒"
"691F","椟"
"6920","椠"
"6924","椤"
"692D","椭"
"6930","椰"
"6934","椴"
"6939","椹"
"693D","椽"
"693F","椿"
"6942","楂"
"6954","楔"
"6957","楗"
"695A","楚"
"695D","楝"
"695E","楞"
"6960","楠"
"6963","楣"
"6966","楦"
"696B","楫"
"696E","楮"
"6971","楱"
"6977","楷"
"6978","楸"
"6979","楹"
"697C","楼"
"6980","榀"
"6982","概"
"6984","榄"
"6986","榆"
"6987","榇"
"6988","榈"
"6989","榉"
"698D","榍"
"6994","榔"
"6995","榕"
"6998","榘"
"699B","榛"
"699C","榜"
"69A7","榧"
"69A8","榨"
"69AB","榫"
"69AD","榭"
"69B1","榱"
"69B4","榴"
"69B7","榷"
"69BB","榻"
"69C1","槁"
"69CA","槊"
"69CC","槌"
"69CE","槎"
"69D0","槐"
"69D4","槔"
"69DB","槛"
"69DF","槟"
"69E0","槠"
"69ED","槭"
"69F2","槲"
"69FD","槽"
"69FF","槿"
"6A0A","樊"
"6A17","樗"
"6A18","樘"
"6A1F","樟"
"6A21","模"
"6A28","樨"
"6A2A","横"
"6A2F","樯"
"6A31","樱"
"6A35","樵"
"6A3D","樽"
"6A3E","樾"
"6A44","橄"
"6A47","橇"
"6A50","橐"
"6A58","橘"
"6A59","橙"
"6A5B","橛"
"6A61","橡"
"6A65","橥"
"6A71","橱"
"6A79","橹"
"6A7C","橼"
"6A80","檀"
"6A84","檄"
"6A8E","檎"
"6A90","檐"
"6A91","檑"
"6A97","檗"
"6AA0","檠"
"6AA9","檩"
"6AAB","檫"
"6AAC","檬"
"6B20","欠"
"6B21","次"
"6B22","欢"
"6B23","欣"
"6B24","欤"
"6B27","欧"
"6B32","欲"
"6B37","欷"
"6B39","欹"
"6B3A","欺"
"6B3E","款"
"6B43","歃"
"6B46","歆"
"6B47","歇"
"6B49","歉"
"6B4C","歌"
"6B59","歙"
"6B62","止"
"6B63","正"
"6B64","此"
"6B65","步"
"6B66","武"
"6B67","歧"
"6B6A","歪"
"6B79","歹"
"6B7B","死"
"6B7C","歼"
"6B81","殁"
"6B82","殂"
"6B83","殃"
"6B84","殄"
"6B86","殆"
"6B87","殇"
"6B89","殉"
"6B8A","殊"
"6B8B","残"
"6B8D","殍"
"6B92","殒"
"6B93","殓"
"6B96","殖"
"6B9A","殚"
"6B9B","殛"
"6BA1","殡"
"6BAA","殪"
"6BB3","殳"
"6BB4","殴"
"6BB5","段"
"6BB7","殷"
"6BBF","殿"
"6BC1","毁"
"6BC2","毂"
"6BC5","毅"
"6BCB","毋"
"6BCD","母"
"6BCF","每"
"6BD2","毒"
"6BD3","毓"
"6BD4","比"
"6BD5","毕"
"6BD6","毖"
"6BD7","毗"
"6BD9","毙"
"6BDB","毛"
"6BE1","毡"
"6BEA","毪"
"6BEB","毫"
"6BEF","毯"
"6BF3","毳"
"6BF5","毵"
"6BF9","毹"
"6BFD","毽"
"6C05","氅"
"6C06","氆"
"6C07","氇"
"6C0D","氍"
"6C0F","氏"
"6C10","氐"
"6C11","民"
"6C13","氓"
"6C14","气"
"6C15","氕"
"6C16","氖"
"6C18","氘"
"6C19","氙"
"6C1A","氚"
"6C1B","氛"
"6C1F","氟"
"6C21","氡"
"6C22","氢"
"6C24","氤"
"6C26","氦"
"6C27","氧"
"6C28","氨"
"6C29","氩"
"6C2A","氪"
"6C2E","氮"
"6C2F","氯"
"6C30","氰"
"6C32","氲"
"6C34","水"
"6C35","氵"
"6C38","永"
"6C3D","氽"
"6C40","汀"
"6C41","汁"
"6C42","求"
"6C46","汆"
"6C47","汇"
"6C49","汉"
"6C4A","汊"
"6C50","汐"
"6C54","汔"
"6C55","汕"
"6C57","汗"
"6C5B","汛"
"6C5C","汜"
"6C5D","汝"
"6C5E","汞"
"6C5F","江"
"6C60","池"
"6C61","污"
"6C64","汤"
"6C68","汨"
"6C69","汩"
"6C6A","汪"
"6C70","汰"
"6C72","汲"
"6C74","汴"
"6C76","汶"
"6C79","汹"
"6C7D","汽"
"6C7E","汾"
"6C81","沁"
"6C82","沂"
"6C83","沃"
"6C85","沅"
"6C86","沆"
"6C88","沈"
"6C89","沉"
"6C8C","沌"
"6C8F","沏"
"6C90","沐"
"6C93","沓"
"6C94","沔"
"6C99","沙"
"6C9B","沛"
"6C9F","沟"
"6CA1","没"
"6CA3","沣"
"6CA4","沤"
"6CA5","沥"
"6CA6","沦"
"6CA7","沧"
"6CA9","沩"
"6CAA","沪"
"6CAB","沫"
"6CAD","沭"
"6CAE","沮"
"6CB1","沱"
"6CB2","沲"
"6CB3","河"
"6CB8","沸"
"6CB9","油"
"6CBB","治"
"6CBC","沼"
"6CBD","沽"
"6CBE","沾"
"6CBF","沿"
"6CC4","泄"
"6CC5","泅"
"6CC9","泉"
"6CCA","泊"
"6CCC","泌"
"6CD0","泐"
"6CD3","泓"
"6CD4","泔"
"6CD5","法"
"6CD6","泖"
"6CD7","泗"
"6CDB","泛"
"6CDE","泞"
"6CE0","泠"
"6CE1","泡"
"6CE2","波"
"6CE3","泣"
"6CE5","泥"
"6CE8","注"
"6CEA","泪"
"6CEB","泫"
"6CEE","泮"
"6CEF","泯"
"6CF0","泰"
"6CF1","泱"
"6CF3","泳"
"6CF5","泵"
"6CF6","泶"
"6CF7","泷"
"6CF8","泸"
"6CFA","泺"
"6CFB","泻"
"6CFC","泼"
"6CFD","泽"
"6CFE","泾"
"6D01","洁"
"6D04","洄"
"6D07","洇"
"6D0B","洋"
"6D0C","洌"
"6D0E","洎"
"6D12","洒"
"6D17","洗"
"6D19","洙"
"6D1A","洚"
"6D1B","洛"
"6D1E","洞"
"6D25","津"
"6D27","洧"
"6D2A","洪"
"6D2B","洫"
"6D2E","洮"
"6D31","洱"
"6D32","洲"
"6D33","洳"
"6D35","洵"
"6D39","洹"
"6D3B","活"
"6D3C","洼"
"6D3D","洽"
"6D3E","派"
"6D41","流"
"6D43","浃"
"6D45","浅"
"6D46","浆"
"6D47","浇"
"6D48","浈"
"6D4A","浊"
"6D4B","测"
"6D4D","浍"
"6D4E","济"
"6D4F","浏"
"6D51","浑"
"6D52","浒"
"6D53","浓"
"6D54","浔"
"6D59","浙"
"6D5A","浚"
"6D5C","浜"
"6D5E","浞"
"6D60","浠"
"6D63","浣"
"6D66","浦"
"6D69","浩"
"6D6A","浪"
"6D6E","浮"
"6D6F","浯"
"6D74","浴"
"6D77","海"
"6D78","浸"
"6D7C","浼"
"6D82","涂"
"6D85","涅"
"6D88","消"
"6D89","涉"
"6D8C","涌"
"6D8E","涎"
"6D91","涑"
"6D93","涓"
"6D94","涔"
"6D95","涕"
"6D9B","涛"
"6D9D","涝"
"6D9E","涞"
"6D9F","涟"
"6DA0","涠"
"6DA1","涡"
"6DA3","涣"
"6DA4","涤"
"6DA6","润"
"6DA7","涧"
"6DA8","涨"
"6DA9","涩"
"6DAA","涪"
"6DAB","涫"
"6DAE","涮"
"6DAF","涯"
"6DB2","液"
"6DB5","涵"
"6DB8","涸"
"6DBF","涿"
"6DC0","淀"
"6DC4","淄"
"6DC5","淅"
"6DC6","淆"
"6DC7","淇"
"6DCB","淋"
"6DCC","淌"
"6DD1","淑"
"6DD6","淖"
"6DD8","淘"
"6DD9","淙"
"6DDD","淝"
"6DDE","淞"
"6DE0","淠"
"6DE1","淡"
"6DE4","淤"
"6DE6","淦"
"6DEB","淫"
"6DEC","淬"
"6DEE","淮"
"6DF1","深"
"6DF3","淳"
"6DF7","混"
"6DF9","淹"
"6DFB","添"
"6DFC","淼"
"6E05","清"
"6E0A","渊"
"6E0C","渌"
"6E0D","渍"
"6E0E","渎"
"6E10","渐"
"6E11","渑"
"6E14","渔"
"6E16","渖"
"6E17","渗"
"6E1A","渚"
"6E1D","渝"
"6E20","渠"
"6E21","渡"
"6E23","渣"
"6E24","渤"
"6E25","渥"
"6E29","温"
"6E2B","渫"
"6E2D","渭"
"6E2F","港"
"6E32","渲"
"6E34","渴"
"6E38","游"
"6E3A","渺"
"6E43","湃"
"6E44","湄"
"6E4D","湍"
"6E4E","湎"
"6E53","湓"
"6E54","湔"
"6E56","湖"
"6E58","湘"
"6E5B","湛"
"6E5F","湟"
"6E6B","湫"
"6E6E","湮"
"6E7E","湾"
"6E7F","湿"
"6E83","溃"
"6E85","溅"
"6E86","溆"
"6E89","溉"
"6E8F","溏"
"6E90","源"
"6E98","溘"
"6E9C","溜"
"6E9F","溟"
"6EA2","溢"
"6EA5","溥"
"6EA7","溧"
"6EAA","溪"
"6EAF","溯"
"6EB1","溱"
"6EB2","溲"
"6EB4","溴"
"6EB6","溶"
"6EB7","溷"
"6EBA","溺"
"6EBB","溻"
"6EBD","溽"
"6EC1","滁"
"6EC2","滂"
"6EC7","滇"
"6ECB","滋"
"6ECF","滏"
"6ED1","滑"
"6ED3","滓"
"6ED4","滔"
"6ED5","滕"
"6ED7","滗"
"6EDA","滚"
"6EDE","滞"
"6EDF","滟"
"6EE0","滠"
"6EE1","满"
"6EE2","滢"
"6EE4","滤"
"6EE5","滥"
"6EE6","滦"
"6EE8","滨"
"6EE9","滩"
"6EF4","滴"
"6EF9","滹"
"6F02","漂"
"6F06","漆"
"6F09","漉"
"6F0F","漏"
"6F13","漓"
"6F14","演"
"6F15","漕"
"6F20","漠"
"6F24","漤"
"6F29","漩"
"6F2A","漪"
"6F2B","漫"
"6F2D","漭"
"6F2F","漯"
"6F31","漱"
"6F33","漳"
"6F36","漶"
"6F3E","漾"
"6F46","潆"
"6F47","潇"
"6F4B","潋"
"6F4D","潍"
"6F58","潘"
"6F5C","潜"
"6F5E","潞"
"6F62","潢"
"6F66","潦"
"6F6D","潭"
"6F6E","潮"
"6F72","潲"
"6F74","潴"
"6F78","潸"
"6F7A","潺"
"6F7C","潼"
"6F84","澄"
"6F88","澈"
"6F89","澉"
"6F8C","澌"
"6F8D","澍"
"6F8E","澎"
"6F9C","澜"
"6FA1","澡"
"6FA7","澧"
"6FB3","澳"
"6FB6","澶"
"6FB9","澹"
"6FC0","激"
"6FC2","濂"
"6FC9","濉"
"6FD1","濑"
"6FD2","濒"
"6FDE","濞"
"6FE0","濠"
"6FE1","濡"
"6FEE","濮"
"6FEF","濯"
"7011","瀑"
"701A","瀚"
"701B","瀛"
"7023","瀣"
"7035","瀵"
"7039","瀹"
"704C","灌"
"704F","灏"
"705E","灞"
"706B","火"
"706C","灬"
"706D","灭"
"706F","灯"
"7070","灰"
"7075","灵"
"7076","灶"
"7078","灸"
"707C","灼"
"707E","灾"
"707F","灿"
"7080","炀"
"7085","炅"
"7089","炉"
"708A","炊"
"708E","炎"
"7092","炒"
"7094","炔"
"7095","炕"
"7096","炖"
"7099","炙"
"709C","炜"
"709D","炝"
"70AB","炫"
"70AC","炬"
"70AD","炭"
"70AE","炮"
"70AF","炯"
"70B1","炱"
"70B3","炳"
"70B7","炷"
"70B8","炸"
"70B9","点"
"70BB","炻"
"70BC","炼"
"70BD","炽"
"70C0","烀"
"70C1","烁"
"70C2","烂"
"70C3","烃"
"70C8","烈"
"70CA","烊"
"70D8","烘"
"70D9","烙"
"70DB","烛"
"70DF","烟"
"70E4","烤"
"70E6","烦"
"70E7","烧"
"70E8","烨"
"70E9","烩"
"70EB","烫"
"70EC","烬"
"70ED","热"
"70EF","烯"
"70F7","烷"
"70F9","烹"
"70FD","烽"
"7109","焉"
"710A","焊"
"7110","焐"
"7113","焓"
"7115","焕"
"7116","焖"
"7118","焘"
"7119","焙"
"711A","焚"
"7126","焦"
"712F","焯"
"7130","焰"
"7131","焱"
"7136","然"
"7145","煅"
"714A","煊"
"714C","煌"
"714E","煎"
"715C","煜"
"715E","煞"
"7164","煤"
"7166","煦"
"7167","照"
"7168","煨"
"716E","煮"
"7172","煲"
"7173","煳"
"7178","煸"
"717A","煺"
"717D","煽"
"7184","熄"
"718A","熊"
"718F","熏"
"7194","熔"
"7198","熘"
"7199","熙"
"719F","熟"
"71A0","熠"
"71A8","熨"
"71AC","熬"
"71B3","熳"
"71B5","熵"
"71B9","熹"
"71C3","燃"
"71CE","燎"
"71D4","燔"
"71D5","燕"
"71E0","燠"
"71E5","燥"
"71E7","燧"
"71EE","燮"
"71F9","燹"
"7206","爆"
"721D","爝"
"7228","爨"
"722A","爪"
"722C","爬"
"7230","爰"
"7231","爱"
"7235","爵"
"7236","父"
"7237","爷"
"7238","爸"
"7239","爹"
"723B","爻"
"723D","爽"
"723F","爿"
"7247","片"
"7248","版"
"724C","牌"
"724D","牍"
"7252","牒"
"7256","牖"
"7259","牙"
"725B","牛"
"725D","牝"
"725F","牟"
"7261","牡"
"7262","牢"
"7266","牦"
"7267","牧"
"7269","物"
"726E","牮"
"726F","牯"
"7272","牲"
"7275","牵"
"7279","特"
"727A","牺"
"727E","牾"
"727F","牿"
"7280","犀"
"7281","犁"
"7284","犄"
"728A","犊"
"728B","犋"
"728D","犍"
"728F","犏"
"7292","犒"
"729F","犟"
"72AC","犬"
"72AD","犭"
"72AF","犯"
"72B0","犰"
"72B4","犴"
"72B6","状"
"72B7","犷"
"72B8","犸"
"72B9","犹"
"72C1","狁"
"72C2","狂"
"72C3","狃"
"72C4","狄"
"72C8","狈"
"72CD","狍"
"72CE","狎"
"72D0","狐"
"72D2","狒"
"72D7","狗"
"72D9","狙"
"72DE","狞"
"72E0","狠"
"72E1","狡"
"72E8","狨"
"72E9","狩"
"72EC","独"
"72ED","狭"
"72EE","狮"
"72EF","狯"
"72F0","狰"
"72F1","狱"
"72F2","狲"
"72F3","狳"
"72F4","狴"
"72F7","狷"
"72F8","狸"
"72FA","狺"
"72FB","狻"
"72FC","狼"
"7301","猁"
"7303","猃"
"730A","猊"
"730E","猎"
"7313","猓"
"7315","猕"
"7316","猖"
"7317","猗"
"731B","猛"
"731C","猜"
"731D","猝"
"731E","猞"
"7321","猡"
"7322","猢"
"7325","猥"
"7329","猩"
"732A","猪"
"732B","猫"
"732C","猬"
"732E","献"
"7331","猱"
"7334","猴"
"7337","猷"
"7338","猸"
"7339","猹"
"733E","猾"
"733F","猿"
"734D","獍"
"7350","獐"
"7352","獒"
"7357","獗"
"7360","獠"
"736C","獬"
"736D","獭"
"736F","獯"
"737E","獾"
"7384","玄"
"7387","率"
"7389","玉"
"738B","王"
"738E","玎"
"7391","玑"
"7396","玖"
"739B","玛"
"739F","玟"
"73A2","玢"
"73A9","玩"
"73AB","玫"
"73AE","玮"
"73AF","环"
"73B0","现"
"73B2","玲"
"73B3","玳"
"73B7","玷"
"73BA","玺"
"73BB","玻"
"73C0","珀"
"73C2","珂"
"73C8","珈"
"73C9","珉"
"73CA","珊"
"73CD","珍"
"73CF","珏"
"73D0","珐"
"73D1","珑"
"73D9","珙"
"73DE","珞"
"73E0","珠"
"73E5","珥"
"73E7","珧"
"73E9","珩"
"73ED","班"
"73F2","珲"
"7403","球"
"7405","琅"
"7406","理"
"7409","琉"
"740A","琊"
"740F","琏"
"7410","琐"
"741A","琚"
"741B","琛"
"7422","琢"
"7425","琥"
"7426","琦"
"7428","琨"
"742A","琪"
"742C","琬"
"742E","琮"
"7430","琰"
"7433","琳"
"7434","琴"
"7435","琵"
"7436","琶"
"743C","琼"
"7441","瑁"
"7455","瑕"
"7457","瑗"
"7459","瑙"
"745A","瑚"
"745B","瑛"
"745C","瑜"
"745E","瑞"
"745F","瑟"
"746D","瑭"
"7470","瑰"
"7476","瑶"
"7477","瑷"
"747E","瑾"
"7480","璀"
"7481","璁"
"7483","璃"
"7487","璇"
"748B","璋"
"748E","璎"
"7490","璐"
"749C","璜"
"749E","璞"
"74A7","璧"
"74A8","璨"
"74A9","璩"
"74BA","璺"
"74D2","瓒"
"74DC","瓜"
"74DE","瓞"
"74E0","瓠"
"74E2","瓢"
"74E3","瓣"
"74E4","瓤"
"74E6","瓦"
"74EE","瓮"
"74EF","瓯"
"74F4","瓴"
"74F6","瓶"
"74F7","瓷"
"74FF","瓿"
"7504","甄"
"750D","甍"
"750F","甏"
"7511","甑"
"7513","甓"
"7518","甘"
"7519","甙"
"751A","甚"
"751C","甜"
"751F","生"
"7525","甥"
"7528","用"
"7529","甩"
"752B","甫"
"752C","甬"
"752D","甭"
"752F","甯"
"7530","田"
"7531","由"
"7532","甲"
"7533","申"
"7535","电"
"7537","男"
"7538","甸"
"753A","町"
"753B","画"
"753E","甾"
"7540","畀"
"7545","畅"
"7548","畈"
"754B","畋"
"754C","界"
"754E","畎"
"754F","畏"
"7554","畔"
"7559","留"
"755A","畚"
"755B","畛"
"755C","畜"
"7565","略"
"7566","畦"
"756A","番"
"7572","畲"
"7574","畴"
"7578","畸"
"7579","畹"
"757F","畿"
"7583","疃"
"7586","疆"
"758B","疋"
"758F","疏"
"7591","疑"
"7592","疒"
"7594","疔"
"7596","疖"
"7597","疗"
"7599","疙"
"759A","疚"
"759D","疝"
"759F","疟"
"75A0","疠"
"75A1","疡"
"75A3","疣"
"75A4","疤"
"75A5","疥"
"75AB","疫"
"75AC","疬"
"75AE","疮"
"75AF","疯"
"75B0","疰"
"75B1","疱"
"75B2","疲"
"75B3","疳"
"75B4","疴"
"75B5","疵"
"75B8","疸"
"75B9","疹"
"75BC","疼"
"75BD","疽"
"75BE","疾"
"75C2","痂"
"75C3","痃"
"75C4","痄"
"75C5","病"
"75C7","症"
"75C8","痈"
"75C9","痉"
"75CA","痊"
"75CD","痍"
"75D2","痒"
"75D4","痔"
"75D5","痕"
"75D6","痖"
"75D8","痘"
"75DB","痛"
"75DE","痞"
"75E2","痢"
"75E3","痣"
"75E4","痤"
"75E6","痦"
"75E7","痧"
"75E8","痨"
"75EA","痪"
"75EB","痫"
"75F0","痰"
"75F1","痱"
"75F4","痴"
"75F9","痹"
"75FC","痼"
"75FF","痿"
"7600","瘀"
"7601","瘁"
"7603","瘃"
"7605","瘅"
"760A","瘊"
"760C","瘌"
"7610","瘐"
"7615","瘕"
"7617","瘗"
"7618","瘘"
"7619","瘙"
"761B","瘛"
"761F","瘟"
"7620","瘠"
"7622","瘢"
"7624","瘤"
"7625","瘥"
"7626","瘦"
"7629","瘩"
"762A","瘪"
"762B","瘫"
"762D","瘭"
"7630","瘰"
"7633","瘳"
"7634","瘴"
"7635","瘵"
"7638","瘸"
"763C","瘼"
"763E","瘾"
"763F","瘿"
"7640","癀"
"7643","癃"
"764C","癌"
"764D","癍"
"7654","癔"
"7656","癖"
"765C","癜"
"765E","癞"
"7663","癣"
"766B","癫"
"766F","癯"
"7678","癸"
"767B","登"
"767D","白"
"767E","百"
"7682","皂"
"7684","的"
"7686","皆"
"7687","皇"
"7688","皈"
"768B","皋"
"768E","皎"
"7691","皑"
"7693","皓"
"7696","皖"
"7699","皙"
"76A4","皤"
"76AE","皮"
"76B1","皱"
"76B2","皲"
"76B4","皴"
"76BF","皿"
"76C2","盂"
"76C5","盅"
"76C6","盆"
"76C8","盈"
"76CA","益"
"76CD","盍"
"76CE","盎"
"76CF","盏"
"76D0","盐"
"76D1","监"
"76D2","盒"
"76D4","盔"
"76D6","盖"
"76D7","盗"
"76D8","盘"
"76DB","盛"
"76DF","盟"
"76E5","盥"
"76EE","目"
"76EF","盯"
"76F1","盱"
"76F2","盲"
"76F4","直"
"76F8","相"
"76F9","盹"
"76FC","盼"
"76FE","盾"
"7701","省"
"7704","眄"
"7707","眇"
"7708","眈"
"7709","眉"
"770B","看"
"770D","眍"
"7719","眙"
"771A","眚"
"771F","真"
"7720","眠"
"7722","眢"
"7726","眦"
"7728","眨"
"7729","眩"
"772D","眭"
"772F","眯"
"7735","眵"
"7736","眶"
"7737","眷"
"7738","眸"
"773A","眺"
"773C","眼"
"7740","着"
"7741","睁"
"7743","睃"
"7747","睇"
"7750","睐"
"7751","睑"
"775A","睚"
"775B","睛"
"7761","睡"
"7762","睢"
"7763","督"
"7765","睥"
"7766","睦"
"7768","睨"
"776B","睫"
"776C","睬"
"7779","睹"
"777D","睽"
"777E","睾"
"777F","睿"
"7780","瞀"
"7784","瞄"
"7785","瞅"
"778C","瞌"
"778D","瞍"
"778E","瞎"
"7791","瞑"
"7792","瞒"
"779F","瞟"
"77A0","瞠"
"77A2","瞢"
"77A5","瞥"
"77A7","瞧"
"77A9","瞩"
"77AA","瞪"
"77AC","瞬"
"77B0","瞰"
"77B3","瞳"
"77B5","瞵"
"77BB","瞻"
"77BD","瞽"
"77BF","瞿"
"77CD","矍"
"77D7","矗"
"77DB","矛"
"77DC","矜"
"77E2","矢"
"77E3","矣"
"77E5","知"
"77E7","矧"
"77E9","矩"
"77EB","矫"
"77EC","矬"
"77ED","短"
"77EE","矮"
"77F3","石"
"77F6","矶"
"77F8","矸"
"77FD","矽"
"77FE","矾"
"77FF","矿"
"7800","砀"
"7801","码"
"7802","砂"
"7809","砉"
"780C","砌"
"780D","砍"
"7811","砑"
"7812","砒"
"7814","研"
"7816","砖"
"7817","砗"
"7818","砘"
"781A","砚"
"781C","砜"
"781D","砝"
"781F","砟"
"7823","砣"
"7825","砥"
"7826","砦"
"7827","砧"
"7829","砩"
"782C","砬"
"782D","砭"
"7830","砰"
"7834","破"
"7837","砷"
"7838","砸"
"7839","砹"
"783A","砺"
"783B","砻"
"783C","砼"
"783E","砾"
"7840","础"
"7845","硅"
"7847","硇"
"784C","硌"
"784E","硎"
"7850","硐"
"7852","硒"
"7855","硕"
"7856","硖"
"7857","硗"
"785D","硝"
"786A","硪"
"786B","硫"
"786C","硬"
"786D","硭"
"786E","确"
"7877","硷"
"787C","硼"
"7887","碇"
"7889","碉"
"788C","碌"
"788D","碍"
"788E","碎"
"7891","碑"
"7893","碓"
"7897","碗"
"7898","碘"
"789A","碚"
"789B","碛"
"789C","碜"
"789F","碟"
"78A1","碡"
"78A3","碣"
"78A5","碥"
"78A7","碧"
"78B0","碰"
"78B1","碱"
"78B2","碲"
"78B3","碳"
"78B4","碴"
"78B9","碹"
"78BE","碾"
"78C1","磁"
"78C5","磅"
"78C9","磉"
"78CA","磊"
"78CB","磋"
"78D0","磐"
"78D4","磔"
"78D5","磕"
"78D9","磙"
"78E8","磨"
"78EC","磬"
"78F2","磲"
"78F4","磴"
"78F7","磷"
"78FA","磺"
"7901","礁"
"7905","礅"
"7913","礓"
"791E","礞"
"7924","礤"
"7934","礴"
"793A","示"
"793B","礻"
"793C","礼"
"793E","社"
"7940","祀"
"7941","祁"
"7946","祆"
"7948","祈"
"7949","祉"
"7953","祓"
"7956","祖"
"7957","祗"
"795A","祚"
"795B","祛"
"795C","祜"
"795D","祝"
"795E","神"
"795F","祟"
"7960","祠"
"7962","祢"
"7965","祥"
"7967","祧"
"7968","票"
"796D","祭"
"796F","祯"
"7977","祷"
"7978","祸"
"797A","祺"
"7980","禀"
"7981","禁"
"7984","禄"
"7985","禅"
"798A","禊"
"798F","福"
"799A","禚"
"79A7","禧"
"79B3","禳"
"79B9","禹"
"79BA","禺"
"79BB","离"
"79BD","禽"
"79BE","禾"
"79C0","秀"
"79C1","私"
"79C3","秃"
"79C6","秆"
"79C9","秉"
"79CB","秋"
"79CD","种"
"79D1","科"
"79D2","秒"
"79D5","秕"
"79D8","秘"
"79DF","租"
"79E3","秣"
"79E4","秤"
"79E6","秦"
"79E7","秧"
"79E9","秩"
"79EB","秫"
"79ED","秭"
"79EF","积"
"79F0","称"
"79F8","秸"
"79FB","移"
"79FD","秽"
"7A00","稀"
"7A02","稂"
"7A03","稃"
"7A06","稆"
"7A0B","程"
"7A0D","稍"
"7A0E","税"
"7A14","稔"
"7A17","稗"
"7A1A","稚"
"7A1E","稞"
"7A20","稠"
"7A23","稣"
"7A33","稳"
"7A37","稷"
"7A39","稹"
"7A3B","稻"
"7A3C","稼"
"7A3D","稽"
"7A3F","稿"
"7A46","穆"
"7A51","穑"
"7A57","穗"
"7A70","穰"
"7A74","穴"
"7A76","究"
"7A77","穷"
"7A78","穸"
"7A79","穹"
"7A7A","空"
"7A7F","穿"
"7A80","窀"
"7A81","突"
"7A83","窃"
"7A84","窄"
"7A86","窆"
"7A88","窈"
"7A8D","窍"
"7A91","窑"
"7A92","窒"
"7A95","窕"
"7A96","窖"
"7A97","窗"
"7A98","窘"
"7A9C","窜"
"7A9D","窝"
"7A9F","窟"
"7AA0","窠"
"7AA5","窥"
"7AA6","窦"
"7AA8","窨"
"7AAC","窬"
"7AAD","窭"
"7AB3","窳"
"7ABF","窿"
"7ACB","立"
"7AD6","竖"
"7AD9","站"
"7ADE","竞"
"7ADF","竟"
"7AE0","章"
"7AE3","竣"
"7AE5","童"
"7AE6","竦"
"7AED","竭"
"7AEF","端"
"7AF9","竹"
"7AFA","竺"
"7AFD","竽"
"7AFF","竿"
"7B03","笃"
"7B04","笄"
"7B06","笆"
"7B08","笈"
"7B0A","笊"
"7B0B","笋"
"7B0F","笏"
"7B11","笑"
"7B14","笔"
"7B15","笕"
"7B19","笙"
"7B1B","笛"
"7B1E","笞"
"7B20","笠"
"7B24","笤"
"7B25","笥"
"7B26","符"
"7B28","笨"
"7B2A","笪"
"7B2B","笫"
"7B2C","第"
"7B2E","笮"
"7B31","笱"
"7B33","笳"
"7B38","笸"
"7B3A","笺"
"7B3C","笼"
"7B3E","笾"
"7B45","筅"
"7B47","筇"
"7B49","等"
"7B4B","筋"
"7B4C","筌"
"7B4F","筏"
"7B50","筐"
"7B51","筑"
"7B52","筒"
"7B54","答"
"7B56","策"
"7B58","筘"
"7B5A","筚"
"7B5B","筛"
"7B5D","筝"
"7B60","筠"
"7B62","筢"
"7B6E","筮"
"7B71","筱"
"7B72","筲"
"7B75","筵"
"7B77","筷"
"7B79","筹"
"7B7B","筻"
"7B7E","签"
"7B80","简"
"7B85","箅"
"7B8D","箍"
"7B90","箐"
"7B94","箔"
"7B95","箕"
"7B97","算"
"7B9C","箜"
"7B9D","箝"
"7BA1","管"
"7BA2","箢"
"7BA6","箦"
"7BA7","箧"
"7BA8","箨"
"7BA9","箩"
"7BAA","箪"
"7BAB","箫"
"7BAC","箬"
"7BAD","箭"
"7BB1","箱"
"7BB4","箴"
"7BB8","箸"
"7BC1","篁"
"7BC6","篆"
"7BC7","篇"
"7BCC","篌"
"7BD1","篑"
"7BD3","篓"
"7BD9","篙"
"7BDA","篚"
"7BDD","篝"
"7BE1","篡"
"7BE5","篥"
"7BE6","篦"
"7BEA","篪"
"7BEE","篮"
"7BF1","篱"
"7BF7","篷"
"7BFC","篼"
"7BFE","篾"
"7C07","簇"
"7C0B","簋"
"7C0C","簌"
"7C0F","簏"
"7C16","簖"
"7C1F","簟"
"7C26","簦"
"7C27","簧"
"7C2A","簪"
"7C38","簸"
"7C3F","簿"
"7C40","籀"
"7C41","籁"
"7C4D","籍"
"7C73","米"
"7C74","籴"
"7C7B","类"
"7C7C","籼"
"7C7D","籽"
"7C89","粉"
"7C91","粑"
"7C92","粒"
"7C95","粕"
"7C97","粗"
"7C98","粘"
"7C9C","粜"
"7C9D","粝"
"7C9E","粞"
"7C9F","粟"
"7CA2","粢"
"7CA4","粤"
"7CA5","粥"
"7CAA","粪"
"7CAE","粮"
"7CB1","粱"
"7CB2","粲"
"7CB3","粳"
"7CB9","粹"
"7CBC","粼"
"7CBD","粽"
"7CBE","精"
"7CC1","糁"
"7CC5","糅"
"7CC7","糇"
"7CC8","糈"
"7CCA","糊"
"7CCC","糌"
"7CCD","糍"
"7CD5","糕"
"7CD6","糖"
"7CD7","糗"
"7CD9","糙"
"7CDC","糜"
"7CDF","糟"
"7CE0","糠"
"7CE8","糨"
"7CEF","糯"
"7CF8","糸"
"7CFB","系"
"7D0A","紊"
"7D20","素"
"7D22","索"
"7D27","紧"
"7D2B","紫"
"7D2F","累"
"7D6E","絮"
"7D77","絷"
"7DA6","綦"
"7DAE","綮"
"7E3B","縻"
"7E41","繁"
"7E47","繇"
"7E82","纂"
"7E9B","纛"
"7E9F","纟"
"7EA0","纠"
"7EA1","纡"
"7EA2","红"
"7EA3","纣"
"7EA4","纤"
"7EA5","纥"
"7EA6","约"
"7EA7","级"
"7EA8","纨"
"7EA9","纩"
"7EAA","纪"
"7EAB","纫"
"7EAC","纬"
"7EAD","纭"
"7EAF","纯"
"7EB0","纰"
"7EB1","纱"
"7EB2","纲"
"7EB3","纳"
"7EB5","纵"
"7EB6","纶"
"7EB7","纷"
"7EB8","纸"
"7EB9","纹"
"7EBA","纺"
"7EBD","纽"
"7EBE","纾"
"7EBF","线"
"7EC0","绀"
"7EC1","绁"
"7EC2","绂"
"7EC3","练"
"7EC4","组"
"7EC5","绅"
"7EC6","细"
"7EC7","织"
"7EC8","终"
"7EC9","绉"
"7ECA","绊"
"7ECB","绋"
"7ECC","绌"
"7ECD","绍"
"7ECE","绎"
"7ECF","经"
"7ED0","绐"
"7ED1","绑"
"7ED2","绒"
"7ED3","结"
"7ED4","绔"
"7ED5","绕"
"7ED7","绗"
"7ED8","绘"
"7ED9","给"
"7EDA","绚"
"7EDB","绛"
"7EDC","络"
"7EDD","绝"
"7EDE","绞"
"7EDF","统"
"7EE0","绠"
"7EE1","绡"
"7EE2","绢"
"7EE3","绣"
"7EE5","绥"
"7EE6","绦"
"7EE7","继"
"7EE8","绨"
"7EE9","绩"
"7EEA","绪"
"7EEB","绫"
"7EED","续"
"7EEE","绮"
"7EEF","绯"
"7EF0","绰"
"7EF1","绱"
"7EF2","绲"
"7EF3","绳"
"7EF4","维"
"7EF5","绵"
"7EF6","绶"
"7EF7","绷"
"7EF8","绸"
"7EFA","绺"
"7EFB","绻"
"7EFC","综"
"7EFD","绽"
"7EFE","绾"
"7EFF","绿"
"7F00","缀"
"7F01","缁"
"7F02","缂"
"7F03","缃"
"7F04","缄"
"7F05","缅"
"7F06","缆"
"7F07","缇"
"7F08","缈"
"7F09","缉"
"7F0B","缋"
"7F0C","缌"
"7F0D","缍"
"7F0E","缎"
"7F0F","缏"
"7F11","缑"
"7F12","缒"
"7F13","缓"
"7F14","缔"
"7F15","缕"
"7F16","编"
"7F17","缗"
"7F18","缘"
"7F19","缙"
"7F1A","缚"
"7F1B","缛"
"7F1C","缜"
"7F1D","缝"
"7F1F","缟"
"7F20","缠"
"7F21","缡"
"7F22","缢"
"7F23","缣"
"7F24","缤"
"7F25","缥"
"7F26","缦"
"7F27","缧"
"7F28","缨"
"7F29","缩"
"7F2A","缪"
"7F2B","缫"
"7F2C","缬"
"7F2D","缭"
"7F2E","缮"
"7F2F","缯"
"7F30","缰"
"7F31","缱"
"7F32","缲"
"7F33","缳"
"7F34","缴"
"7F35","缵"
"7F36","缶"
"7F38","缸"
"7F3A","缺"
"7F42","罂"
"7F44","罄"
"7F45","罅"
"7F50","罐"
"7F51","网"
"7F54","罔"
"7F55","罕"
"7F57","罗"
"7F58","罘"
"7F5A","罚"
"7F5F","罟"
"7F61","罡"
"7F62","罢"
"7F68","罨"
"7F69","罩"
"7F6A","罪"
"7F6E","置"
"7F71","罱"
"7F72","署"
"7F74","罴"
"7F79","罹"
"7F7E","罾"
"7F81","羁"
"7F8A","羊"
"7F8C","羌"
"7F8E","美"
"7F94","羔"
"7F9A","羚"
"7F9D","羝"
"7F9E","羞"
"7F9F","羟"
"7FA1","羡"
"7FA4","群"
"7FA7","羧"
"7FAF","羯"
"7FB0","羰"
"7FB2","羲"
"7FB8","羸"
"7FB9","羹"
"7FBC","羼"
"7FBD","羽"
"7FBF","羿"
"7FC1","翁"
"7FC5","翅"
"7FCA","翊"
"7FCC","翌"
"7FCE","翎"
"7FD4","翔"
"7FD5","翕"
"7FD8","翘"
"7FDF","翟"
"7FE0","翠"
"7FE1","翡"
"7FE5","翥"
"7FE6","翦"
"7FE9","翩"
"7FEE","翮"
"7FF0","翰"
"7FF1","翱"
"7FF3","翳"
"7FFB","翻"
"7FFC","翼"
"8000","耀"
"8001","老"
"8003","考"
"8004","耄"
"8005","者"
"8006","耆"
"800B","耋"
"800C","而"
"800D","耍"
"8010","耐"
"8012","耒"
"8014","耔"
"8015","耕"
"8016","耖"
"8017","耗"
"8018","耘"
"8019","耙"
"801C","耜"
"8020","耠"
"8022","耢"
"8025","耥"
"8026","耦"
"8027","耧"
"8028","耨"
"8029","耩"
"802A","耪"
"8031","耱"
"8033","耳"
"8035","耵"
"8036","耶"
"8037","耷"
"8038","耸"
"803B","耻"
"803D","耽"
"803F","耿"
"8042","聂"
"8043","聃"
"8046","聆"
"804A","聊"
"804B","聋"
"804C","职"
"804D","聍"
"8052","聒"
"8054","联"
"8058","聘"
"805A","聚"
"8069","聩"
"806A","聪"
"8071","聱"
"807F","聿"
"8080","肀"
"8083","肃"
"8084","肄"
"8086","肆"
"8087","肇"
"8089","肉"
"808B","肋"
"808C","肌"
"8093","肓"
"8096","肖"
"8098","肘"
"809A","肚"
"809B","肛"
"809C","肜"
"809D","肝"
"809F","肟"
"80A0","肠"
"80A1","股"
"80A2","肢"
"80A4","肤"
"80A5","肥"
"80A9","肩"
"80AA","肪"
"80AB","肫"
"80AD","肭"
"80AE","肮"
"80AF","肯"
"80B1","肱"
"80B2","育"
"80B4","肴"
"80B7","肷"
"80BA","肺"
"80BC","肼"
"80BD","肽"
"80BE","肾"
"80BF","肿"
"80C0","胀"
"80C1","胁"
"80C2","胂"
"80C3","胃"
"80C4","胄"
"80C6","胆"
"80CC","背"
"80CD","胍"
"80CE","胎"
"80D6","胖"
"80D7","胗"
"80D9","胙"
"80DA","胚"
"80DB","胛"
"80DC","胜"
"80DD","胝"
"80DE","胞"
"80E1","胡"
"80E4","胤"
"80E5","胥"
"80E7","胧"
"80E8","胨"
"80E9","胩"
"80EA","胪"
"80EB","胫"
"80EC","胬"
"80ED","胭"
"80EF","胯"
"80F0","胰"
"80F1","胱"
"80F2","胲"
"80F3","胳"
"80F4","胴"
"80F6","胶"
"80F8","胸"
"80FA","胺"
"80FC","胼"
"80FD","能"
"8102","脂"
"8106","脆"
"8109","脉"
"810A","脊"
"810D","脍"
"810E","脎"
"810F","脏"
"8110","脐"
"8111","脑"
"8112","脒"
"8113","脓"
"8114","脔"
"8116","脖"
"8118","脘"
"811A","脚"
"811E","脞"
"812C","脬"
"812F","脯"
"8131","脱"
"8132","脲"
"8136","脶"
"8138","脸"
"813E","脾"
"8146","腆"
"8148","腈"
"814A","腊"
"814B","腋"
"814C","腌"
"8150","腐"
"8151","腑"
"8153","腓"
"8154","腔"
"8155","腕"
"8159","腙"
"815A","腚"
"8160","腠"
"8165","腥"
"8167","腧"
"8169","腩"
"816D","腭"
"816E","腮"
"8170","腰"
"8171","腱"
"8174","腴"
"8179","腹"
"817A","腺"
"817B","腻"
"817C","腼"
"817D","腽"
"817E","腾"
"817F","腿"
"8180","膀"
"8182","膂"
"8188","膈"
"818A","膊"
"818F","膏"
"8191","膑"
"8198","膘"
"819B","膛"
"819C","膜"
"819D","膝"
"81A3","膣"
"81A6","膦"
"81A8","膨"
"81AA","膪"
"81B3","膳"
"81BA","膺"
"81BB","膻"
"81C0","臀"
"81C1","臁"
"81C2","臂"
"81C3","臃"
"81C6","臆"
"81CA","臊"
"81CC","臌"
"81E3","臣"
"81E7","臧"
"81EA","自"
"81EC","臬"
"81ED","臭"
"81F3","至"
"81F4","致"
"81FB","臻"
"81FC","臼"
"81FE","臾"
"8200","舀"
"8201","舁"
"8202","舂"
"8204","舄"
"8205","舅"
"8206","舆"
"820C","舌"
"820D","舍"
"8210","舐"
"8212","舒"
"8214","舔"
"821B","舛"
"821C","舜"
"821E","舞"
"821F","舟"
"8221","舡"
"8222","舢"
"8223","舣"
"8228","舨"
"822A","航"
"822B","舫"
"822C","般"
"822D","舭"
"822F","舯"
"8230","舰"
"8231","舱"
"8233","舳"
"8234","舴"
"8235","舵"
"8236","舶"
"8237","舷"
"8238","舸"
"8239","船"
"823B","舻"
"823E","舾"
"8244","艄"
"8247","艇"
"8249","艉"
"824B","艋"
"824F","艏"
"8258","艘"
"825A","艚"
"825F","艟"
"8268","艨"
"826E","艮"
"826F","良"
"8270","艰"
"8272","色"
"8273","艳"
"8274","艴"
"8279","艹"
"827A","艺"
"827D","艽"
"827E","艾"
"827F","艿"
"8282","节"
"8284","芄"
"8288","芈"
"828A","芊"
"828B","芋"
"828D","芍"
"828E","芎"
"828F","芏"
"8291","芑"
"8292","芒"
"8297","芗"
"8298","芘"
"8299","芙"
"829C","芜"
"829D","芝"
"829F","芟"
"82A1","芡"
"82A4","芤"
"82A5","芥"
"82A6","芦"
"82A8","芨"
"82A9","芩"
"82AA","芪"
"82AB","芫"
"82AC","芬"
"82AD","芭"
"82AE","芮"
"82AF","芯"
"82B0","芰"
"82B1","花"
"82B3","芳"
"82B4","芴"
"82B7","芷"
"82B8","芸"
"82B9","芹"
"82BD","芽"
"82BE","芾"
"82C1","苁"
"82C4","苄"
"82C7","苇"
"82C8","苈"
"82CA","苊"
"82CB","苋"
"82CC","苌"
"82CD","苍"
"82CE","苎"
"82CF","苏"
"82D1","苑"
"82D2","苒"
"82D3","苓"
"82D4","苔"
"82D5","苕"
"82D7","苗"
"82D8","苘"
"82DB","苛"
"82DC","苜"
"82DE","苞"
"82DF","苟"
"82E0","苠"
"82E1","苡"
"82E3","苣"
"82E4","苤"
"82E5","若"
"82E6","苦"
"82EB","苫"
"82EF","苯"
"82F1","英"
"82F4","苴"
"82F7","苷"
"82F9","苹"
"82FB","苻"
"8301","茁"
"8302","茂"
"8303","范"
"8304","茄"
"8305","茅"
"8306","茆"
"8307","茇"
"8308","茈"
"8309","茉"
"830C","茌"
"830E","茎"
"830F","茏"
"8311","茑"
"8314","茔"
"8315","茕"
"8317","茗"
"831A","茚"
"831B","茛"
"831C","茜"
"8327","茧"
"8328","茨"
"832B","茫"
"832C","茬"
"832D","茭"
"832F","茯"
"8331","茱"
"8333","茳"
"8334","茴"
"8335","茵"
"8336","茶"
"8338","茸"
"8339","茹"
"833A","茺"
"833C","茼"
"8340","荀"
"8343","荃"
"8346","荆"
"8347","荇"
"8349","草"
"834F","荏"
"8350","荐"
"8351","荑"
"8352","荒"
"8354","荔"
"835A","荚"
"835B","荛"
"835C","荜"
"835E","荞"
"835F","荟"
"8360","荠"
"8361","荡"
"8363","荣"
"8364","荤"
"8365","荥"
"8366","荦"
"8367","荧"
"8368","荨"
"8369","荩"
"836A","荪"
"836B","荫"
"836C","荬"
"836D","荭"
"836E","荮"
"836F","药"
"8377","荷"
"8378","荸"
"837B","荻"
"837C","荼"
"837D","荽"
"8385","莅"
"8386","莆"
"8389","莉"
"838E","莎"
"8392","莒"
"8393","莓"
"8398","莘"
"839B","莛"
"839C","莜"
"839E","莞"
"83A0","莠"
"83A8","莨"
"83A9","莩"
"83AA","莪"
"83AB","莫"
"83B0","莰"
"83B1","莱"
"83B2","莲"
"83B3","莳"
"83B4","莴"
"83B6","莶"
"83B7","获"
"83B8","莸"
"83B9","莹"
"83BA","莺"
"83BC","莼"
"83BD","莽"
"83C0","菀"
"83C1","菁"
"83C5","菅"
"83C7","菇"
"83CA","菊"
"83CC","菌"
"83CF","菏"
"83D4","菔"
"83D6","菖"
"83D8","菘"
"83DC","菜"
"83DD","菝"
"83DF","菟"
"83E0","菠"
"83E1","菡"
"83E5","菥"
"83E9","菩"
"83EA","菪"
"83F0","菰"
"83F1","菱"
"83F2","菲"
"83F8","菸"
"83F9","菹"
"83FD","菽"
"8401","萁"
"8403","萃"
"8404","萄"
"8406","萆"
"840B","萋"
"840C","萌"
"840D","萍"
"840E","萎"
"840F","萏"
"8411","萑"
"8418","萘"
"841C","萜"
"841D","萝"
"8424","萤"
"8425","营"
"8426","萦"
"8427","萧"
"8428","萨"
"8431","萱"
"8438","萸"
"843C","萼"
"843D","落"
"8446","葆"
"8451","葑"
"8457","著"
"8459","葙"
"845A","葚"
"845B","葛"
"845C","葜"
"8461","葡"
"8463","董"
"8469","葩"
"846B","葫"
"846C","葬"
"846D","葭"
"8471","葱"
"8473","葳"
"8475","葵"
"8476","葶"
"8478","葸"
"847A","葺"
"8482","蒂"
"8487","蒇"
"8488","蒈"
"8489","蒉"
"848B","蒋"
"848C","蒌"
"848E","蒎"
"8497","蒗"
"8499","蒙"
"849C","蒜"
"84A1","蒡"
"84AF","蒯"
"84B2","蒲"
"84B4","蒴"
"84B8","蒸"
"84B9","蒹"
"84BA","蒺"
"84BD","蒽"
"84BF","蒿"
"84C1","蓁"
"84C4","蓄"
"84C9","蓉"
"84CA","蓊"
"84CD","蓍"
"84D0","蓐"
"84D1","蓑"
"84D3","蓓"
"84D6","蓖"
"84DD","蓝"
"84DF","蓟"
"84E0","蓠"
"84E3","蓣"
"84E5","蓥"
"84E6","蓦"
"84EC","蓬"
"84F0","蓰"
"84FC","蓼"
"84FF","蓿"
"850C","蔌"
"8511","蔑"
"8513","蔓"
"8517","蔗"
"851A","蔚"
"851F","蔟"
"8521","蔡"
"852B","蔫"
"852C","蔬"
"8537","蔷"
"8538","蔸"
"8539","蔹"
"853A","蔺"
"853B","蔻"
"853C","蔼"
"853D","蔽"
"8543","蕃"
"8548","蕈"
"8549","蕉"
"854A","蕊"
"8556","蕖"
"8559","蕙"
"855E","蕞"
"8564","蕤"
"8568","蕨"
"8572","蕲"
"8574","蕴"
"8579","蕹"
"857A","蕺"
"857B","蕻"
"857E","蕾"
"8584","薄"
"8585","薅"
"8587","薇"
"858F","薏"
"859B","薛"
"859C","薜"
"85A4","薤"
"85A8","薨"
"85AA","薪"
"85AE","薮"
"85AF","薯"
"85B0","薰"
"85B7","薷"
"85B9","薹"
"85C1","藁"
"85C9","藉"
"85CF","藏"
"85D0","藐"
"85D3","藓"
"85D5","藕"
"85DC","藜"
"85E4","藤"
"85E9","藩"
"85FB","藻"
"85FF","藿"
"8605","蘅"
"8611","蘑"
"8616","蘖"
"8627","蘧"
"8629","蘩"
"8638","蘸"
"863C","蘼"
"864D","虍"
"864E","虎"
"864F","虏"
"8650","虐"
"8651","虑"
"8654","虔"
"865A","虚"
"865E","虞"
"8662","虢"
"866B","虫"
"866C","虬"
"866E","虮"
"8671","虱"
"8679","虹"
"867A","虺"
"867B","虻"
"867C","虼"
"867D","虽"
"867E","虾"
"867F","虿"
"8680","蚀"
"8681","蚁"
"8682","蚂"
"868A","蚊"
"868B","蚋"
"868C","蚌"
"868D","蚍"
"8693","蚓"
"8695","蚕"
"869C","蚜"
"869D","蚝"
"86A3","蚣"
"86A4","蚤"
"86A7","蚧"
"86A8","蚨"
"86A9","蚩"
"86AA","蚪"
"86AC","蚬"
"86AF","蚯"
"86B0","蚰"
"86B1","蚱"
"86B4","蚴"
"86B5","蚵"
"86B6","蚶"
"86BA","蚺"
"86C0","蛀"
"86C4","蛄"
"86C6","蛆"
"86C7","蛇"
"86C9","蛉"
"86CA","蛊"
"86CB","蛋"
"86CE","蛎"
"86CF","蛏"
"86D0","蛐"
"86D1","蛑"
"86D4","蛔"
"86D8","蛘"
"86D9","蛙"
"86DB","蛛"
"86DE","蛞"
"86DF","蛟"
"86E4","蛤"
"86E9","蛩"
"86ED","蛭"
"86EE","蛮"
"86F0","蛰"
"86F1","蛱"
"86F2","蛲"
"86F3","蛳"
"86F4","蛴"
"86F8","蛸"
"86F9","蛹"
"86FE","蛾"
"8700","蜀"
"8702","蜂"
"8703","蜃"
"8707","蜇"
"8708","蜈"
"8709","蜉"
"870A","蜊"
"870D","蜍"
"8712","蜒"
"8713","蜓"
"8715","蜕"
"8717","蜗"
"8718","蜘"
"871A","蜚"
"871C","蜜"
"871E","蜞"
"8721","蜡"
"8722","蜢"
"8723","蜣"
"8725","蜥"
"8729","蜩"
"872E","蜮"
"8731","蜱"
"8734","蜴"
"8737","蜷"
"873B","蜻"
"873E","蜾"
"873F","蜿"
"8747","蝇"
"8748","蝈"
"8749","蝉"
"874C","蝌"
"874E","蝎"
"8753","蝓"
"8757","蝗"
"8759","蝙"
"8760","蝠"
"8763","蝣"
"8764","蝤"
"8765","蝥"
"876E","蝮"
"8770","蝰"
"8774","蝴"
"8776","蝶"
"877B","蝻"
"877C","蝼"
"877D","蝽"
"877E","蝾"
"8782","螂"
"8783","螃"
"8785","螅"
"8788","螈"
"878B","螋"
"878D","融"
"8793","螓"
"8797","螗"
"879F","螟"
"87A8","螨"
"87AB","螫"
"87AC","螬"
"87AD","螭"
"87AF","螯"
"87B3","螳"
"87B5","螵"
"87BA","螺"
"87BD","螽"
"87C0","蟀"
"87C6","蟆"
"87CA","蟊"
"87CB","蟋"
"87D1","蟑"
"87D2","蟒"
"87D3","蟓"
"87DB","蟛"
"87E0","蟠"
"87E5","蟥"
"87EA","蟪"
"87EE","蟮"
"87F9","蟹"
"87FE","蟾"
"8803","蠃"
"880A","蠊"
"8813","蠓"
"8815","蠕"
"8816","蠖"
"881B","蠛"
"8821","蠡"
"8822","蠢"
"8832","蠲"
"8839","蠹"
"883C","蠼"
"8840","血"
"8844","衄"
"8845","衅"
"884C","行"
"884D","衍"
"8854","衔"
"8857","街"
"8859","衙"
"8861","衡"
"8862","衢"
"8863","衣"
"8864","衤"
"8865","补"
"8868","表"
"8869","衩"
"886B","衫"
"886C","衬"
"886E","衮"
"8870","衰"
"8872","衲"
"8877","衷"
"887D","衽"
"887E","衾"
"887F","衿"
"8881","袁"
"8882","袂"
"8884","袄"
"8885","袅"
"8888","袈"
"888B","袋"
"888D","袍"
"8892","袒"
"8896","袖"
"889C","袜"
"88A2","袢"
"88A4","袤"
"88AB","被"
"88AD","袭"
"88B1","袱"
"88B7","袷"
"88BC","袼"
"88C1","裁"
"88C2","裂"
"88C5","装"
"88C6","裆"
"88C9","裉"
"88CE","裎"
"88D2","裒"
"88D4","裔"
"88D5","裕"
"88D8","裘"
"88D9","裙"
"88DF","裟"
"88E2","裢"
"88E3","裣"
"88E4","裤"
"88E5","裥"
"88E8","裨"
"88F0","裰"
"88F1","裱"
"88F3","裳"
"88F4","裴"
"88F8","裸"
"88F9","裹"
"88FC","裼"
"88FE","裾"
"8902","褂"
"890A","褊"
"8910","褐"
"8912","褒"
"8913","褓"
"8919","褙"
"891A","褚"
"891B","褛"
"8921","褡"
"8925","褥"
"892A","褪"
"892B","褫"
"8930","褰"
"8934","褴"
"8936","褶"
"8941","襁"
"8944","襄"
"895E","襞"
"895F","襟"
"8966","襦"
"897B","襻"
"897F","西"
"8981","要"
"8983","覃"
"8986","覆"
"89C1","见"
"89C2","观"
"89C4","规"
"89C5","觅"
"89C6","视"
"89C7","觇"
"89C8","览"
"89C9","觉"
"89CA","觊"
"89CB","觋"
"89CC","觌"
"89CE","觎"
"89CF","觏"
"89D0","觐"
"89D1","觑"
"89D2","角"
"89D6","觖"
"89DA","觚"
"89DC","觜"
"89DE","觞"
"89E3","解"
"89E5","觥"
"89E6","触"
"89EB","觫"
"89EF","觯"
"89F3","觳"
"8A00","言"
"8A07","訇"
"8A3E","訾"
"8A48","詈"
"8A79","詹"
"8A89","誉"
"8A8A","誊"
"8A93","誓"
"8B07","謇"
"8B26","謦"
"8B66","警"
"8B6C","譬"
"8BA0","讠"
"8BA1","计"
"8BA2","订"
"8BA3","讣"
"8BA4","认"
"8BA5","讥"
"8BA6","讦"
"8BA7","讧"
"8BA8","讨"
"8BA9","让"
"8BAA","讪"
"8BAB","讫"
"8BAD","训"
"8BAE","议"
"8BAF","讯"
"8BB0","记"
"8BB2","讲"
"8BB3","讳"
"8BB4","讴"
"8BB5","讵"
"8BB6","讶"
"8BB7","讷"
"8BB8","许"
"8BB9","讹"
"8BBA","论"
"8BBC","讼"
"8BBD","讽"
"8BBE","设"
"8BBF","访"
"8BC0","诀"
"8BC1","证"
"8BC2","诂"
"8BC3","诃"
"8BC4","评"
"8BC5","诅"
"8BC6","识"
"8BC8","诈"
"8BC9","诉"
"8BCA","诊"
"8BCB","诋"
"8BCC","诌"
"8BCD","词"
"8BCE","诎"
"8BCF","诏"
"8BD1","译"
"8BD2","诒"
"8BD3","诓"
"8BD4","诔"
"8BD5","试"
"8BD6","诖"
"8BD7","诗"
"8BD8","诘"
"8BD9","诙"
"8BDA","诚"
"8BDB","诛"
"8BDC","诜"
"8BDD","话"
"8BDE","诞"
"8BDF","诟"
"8BE0","诠"
"8BE1","诡"
"8BE2","询"
"8BE3","诣"
"8BE4","诤"
"8BE5","该"
"8BE6","详"
"8BE7","诧"
"8BE8","诨"
"8BE9","诩"
"8BEB","诫"
"8BEC","诬"
"8BED","语"
"8BEE","诮"
"8BEF","误"
"8BF0","诰"
"8BF1","诱"
"8BF2","诲"
"8BF3","诳"
"8BF4","说"
"8BF5","诵"
"8BF6","诶"
"8BF7","请"
"8BF8","诸"
"8BF9","诹"
"8BFA","诺"
"8BFB","读"
"8BFC","诼"
"8BFD","诽"
"8BFE","课"
"8BFF","诿"
"8C00","谀"
"8C01","谁"
"8C02","谂"
"8C03","调"
"8C04","谄"
"8C05","谅"
"8C06","谆"
"8C07","谇"
"8C08","谈"
"8C0A","谊"
"8C0B","谋"
"8C0C","谌"
"8C0D","谍"
"8C0E","谎"
"8C0F","谏"
"8C10","谐"
"8C11","谑"
"8C12","谒"
"8C13","谓"
"8C14","谔"
"8C15","谕"
"8C16","谖"
"8C17","谗"
"8C18","谘"
"8C19","谙"
"8C1A","谚"
"8C1B","谛"
"8C1C","谜"
"8C1D","谝"
"8C1F","谟"
"8C20","谠"
"8C21","谡"
"8C22","谢"
"8C23","谣"
"8C24","谤"
"8C25","谥"
"8C26","谦"
"8C27","谧"
"8C28","谨"
"8C29","谩"
"8C2A","谪"
"8C2B","谫"
"8C2C","谬"
"8C2D","谭"
"8C2E","谮"
"8C2F","谯"
"8C30","谰"
"8C31","谱"
"8C32","谲"
"8C33","谳"
"8C34","谴"
"8C35","谵"
"8C36","谶"
"8C37","谷"
"8C41","豁"
"8C46","豆"
"8C47","豇"
"8C49","豉"
"8C4C","豌"
"8C55","豕"
"8C5A","豚"
"8C61","象"
"8C62","豢"
"8C6A","豪"
"8C6B","豫"
"8C73","豳"
"8C78","豸"
"8C79","豹"
"8C7A","豺"
"8C82","貂"
"8C85","貅"
"8C89","貉"
"8C8A","貊"
"8C8C","貌"
"8C94","貔"
"8C98","貘"
"8D1D","贝"
"8D1E","贞"
"8D1F","负"
"8D21","贡"
"8D22","财"
"8D23","责"
"8D24","贤"
"8D25","败"
"8D26","账"
"8D27","货"
"8D28","质"
"8D29","贩"
"8D2A","贪"
"8D2B","贫"
"8D2C","贬"
"8D2D","购"
"8D2E","贮"
"8D2F","贯"
"8D30","贰"
"8D31","贱"
"8D32","贲"
"8D33","贳"
"8D34","贴"
"8D35","贵"
"8D36","贶"
"8D37","贷"
"8D38","贸"
"8D39","费"
"8D3A","贺"
"8D3B","贻"
"8D3C","贼"
"8D3D","贽"
"8D3E","贾"
"8D3F","贿"
"8D40","赀"
"8D41","赁"
"8D42","赂"
"8D43","赃"
"8D44","资"
"8D45","赅"
"8D46","赆"
"8D47","赇"
"8D48","赈"
"8D49","赉"
"8D4A","赊"
"8D4B","赋"
"8D4C","赌"
"8D4D","赍"
"8D4E","赎"
"8D4F","赏"
"8D50","赐"
"8D53","赓"
"8D54","赔"
"8D55","赕"
"8D56","赖"
"8D58","赘"
"8D59","赙"
"8D5A","赚"
"8D5B","赛"
"8D5C","赜"
"8D5D","赝"
"8D5E","赞"
"8D60","赠"
"8D61","赡"
"8D62","赢"
"8D63","赣"
"8D64","赤"
"8D66","赦"
"8D67","赧"
"8D6B","赫"
"8D6D","赭"
"8D70","走"
"8D73","赳"
"8D74","赴"
"8D75","赵"
"8D76","赶"
"8D77","起"
"8D81","趁"
"8D84","趄"
"8D85","超"
"8D8A","越"
"8D8B","趋"
"8D91","趑"
"8D94","趔"
"8D9F","趟"
"8DA3","趣"
"8DB1","趱"
"8DB3","足"
"8DB4","趴"
"8DB5","趵"
"8DB8","趸"
"8DBA","趺"
"8DBC","趼"
"8DBE","趾"
"8DBF","趿"
"8DC3","跃"
"8DC4","跄"
"8DC6","跆"
"8DCB","跋"
"8DCC","跌"
"8DCE","跎"
"8DCF","跏"
"8DD1","跑"
"8DD6","跖"
"8DD7","跗"
"8DDA","跚"
"8DDB","跛"
"8DDD","距"
"8DDE","跞"
"8DDF","跟"
"8DE3","跣"
"8DE4","跤"
"8DE8","跨"
"8DEA","跪"
"8DEB","跫"
"8DEC","跬"
"8DEF","路"
"8DF3","跳"
"8DF5","践"
"8DF7","跷"
"8DF8","跸"
"8DF9","跹"
"8DFA","跺"
"8DFB","跻"
"8DFD","跽"
"8E05","踅"
"8E09","踉"
"8E0A","踊"
"8E0C","踌"
"8E0F","踏"
"8E14","踔"
"8E1D","踝"
"8E1E","踞"
"8E1F","踟"
"8E22","踢"
"8E23","踣"
"8E29","踩"
"8E2A","踪"
"8E2C","踬"
"8E2E","踮"
"8E2F","踯"
"8E31","踱"
"8E35","踵"
"8E39","踹"
"8E3A","踺"
"8E3D","踽"
"8E40","蹀"
"8E41","蹁"
"8E42","蹂"
"8E44","蹄"
"8E47","蹇"
"8E48","蹈"
"8E49","蹉"
"8E4A","蹊"
"8E4B","蹋"
"8E51","蹑"
"8E52","蹒"
"8E59","蹙"
"8E66","蹦"
"8E69","蹩"
"8E6C","蹬"
"8E6D","蹭"
"8E6F","蹯"
"8E70","蹰"
"8E72","蹲"
"8E74","蹴"
"8E76","蹶"
"8E7C","蹼"
"8E7F","蹿"
"8E81","躁"
"8E85","躅"
"8E87","躇"
"8E8F","躏"
"8E90","躐"
"8E94","躔"
"8E9C","躜"
"8E9E","躞"
"8EAB","身"
"8EAC","躬"
"8EAF","躯"
"8EB2","躲"
"8EBA","躺"
"8ECE","軎"
"8F66","车"
"8F67","轧"
"8F68","轨"
"8F69","轩"
"8F6B","轫"
"8F6C","转"
"8F6D","轭"
"8F6E","轮"
"8F6F","软"
"8F70","轰"
"8F71","轱"
"8F72","轲"
"8F73","轳"
"8F74","轴"
"8F75","轵"
"8F76","轶"
"8F77","轷"
"8F78","轸"
"8F79","轹"
"8F7A","轺"
"8F7B","轻"
"8F7C","轼"
"8F7D","载"
"8F7E","轾"
"8F7F","轿"
"8F81","辁"
"8F82","辂"
"8F83","较"
"8F84","辄"
"8F85","辅"
"8F86","辆"
"8F87","辇"
"8F88","辈"
"8F89","辉"
"8F8A","辊"
"8F8B","辋"
"8F8D","辍"
"8F8E","辎"
"8F8F","辏"
"8F90","辐"
"8F91","辑"
"8F93","输"
"8F94","辔"
"8F95","辕"
"8F96","辖"
"8F97","辗"
"8F98","辘"
"8F99","辙"
"8F9A","辚"
"8F9B","辛"
"8F9C","辜"
"8F9E","辞"
"8F9F","辟"
"8FA3","辣"
"8FA8","辨"
"8FA9","辩"
"8FAB","辫"
"8FB0","辰"
"8FB1","辱"
"8FB6","辶"
"8FB9","边"
"8FBD","辽"
"8FBE","达"
"8FC1","迁"
"8FC2","迂"
"8FC4","迄"
"8FC5","迅"
"8FC7","过"
"8FC8","迈"
"8FCE","迎"
"8FD0","运"
"8FD1","近"
"8FD3","迓"
"8FD4","返"
"8FD5","迕"
"8FD8","还"
"8FD9","这"
"8FDB","进"
"8FDC","远"
"8FDD","违"
"8FDE","连"
"8FDF","迟"
"8FE2","迢"
"8FE4","迤"
"8FE5","迥"
"8FE6","迦"
"8FE8","迨"
"8FE9","迩"
"8FEA","迪"
"8FEB","迫"
"8FED","迭"
"8FEE","迮"
"8FF0","述"
"8FF3","迳"
"8FF7","迷"
"8FF8","迸"
"8FF9","迹"
"8FFD","追"
"9000","退"
"9001","送"
"9002","适"
"9003","逃"
"9004","逄"
"9005","逅"
"9006","逆"
"9009","选"
"900A","逊"
"900B","逋"
"900D","逍"
"900F","透"
"9010","逐"
"9011","逑"
"9012","递"
"9014","途"
"9016","逖"
"9017","逗"
"901A","通"
"901B","逛"
"901D","逝"
"901E","逞"
"901F","速"
"9020","造"
"9021","逡"
"9022","逢"
"9026","逦"
"902D","逭"
"902E","逮"
"902F","逯"
"9035","逵"
"9036","逶"
"9038","逸"
"903B","逻"
"903C","逼"
"903E","逾"
"9041","遁"
"9042","遂"
"9044","遄"
"9047","遇"
"904D","遍"
"904F","遏"
"9050","遐"
"9051","遑"
"9052","遒"
"9053","道"
"9057","遗"
"9058","遘"
"905B","遛"
"9062","遢"
"9063","遣"
"9065","遥"
"9068","遨"
"906D","遭"
"906E","遮"
"9074","遴"
"9075","遵"
"907D","遽"
"907F","避"
"9080","邀"
"9082","邂"
"9083","邃"
"9088","邈"
"908B","邋"
"9091","邑"
"9093","邓"
"9095","邕"
"9097","邗"
"9099","邙"
"909B","邛"
"909D","邝"
"90A1","邡"
"90A2","邢"
"90A3","那"
"90A6","邦"
"90AA","邪"
"90AC","邬"
"90AE","邮"
"90AF","邯"
"90B0","邰"
"90B1","邱"
"90B3","邳"
"90B4","邴"
"90B5","邵"
"90B6","邶"
"90B8","邸"
"90B9","邹"
"90BA","邺"
"90BB","邻"
"90BE","邾"
"90C1","郁"
"90C4","郄"
"90C5","郅"
"90C7","郇"
"90CA","郊"
"90CE","郎"
"90CF","郏"
"90D0","郐"
"90D1","郑"
"90D3","郓"
"90D7","郗"
"90DB","郛"
"90DC","郜"
"90DD","郝"
"90E1","郡"
"90E2","郢"
"90E6","郦"
"90E7","郧"
"90E8","部"
"90EB","郫"
"90ED","郭"
"90EF","郯"
"90F4","郴"
"90F8","郸"
"90FD","都"
"90FE","郾"
"9102","鄂"
"9104","鄄"
"9119","鄙"
"911E","鄞"
"9122","鄢"
"9123","鄣"
"912F","鄯"
"9131","鄱"
"9139","鄹"
"9143","酃"
"9146","酆"
"9149","酉"
"914A","酊"
"914B","酋"
"914C","酌"
"914D","配"
"914E","酎"
"914F","酏"
"9150","酐"
"9152","酒"
"9157","酗"
"915A","酚"
"915D","酝"
"915E","酞"
"9161","酡"
"9162","酢"
"9163","酣"
"9164","酤"
"9165","酥"
"9169","酩"
"916A","酪"
"916C","酬"
"916E","酮"
"916F","酯"
"9170","酰"
"9171","酱"
"9172","酲"
"9174","酴"
"9175","酵"
"9176","酶"
"9177","酷"
"9178","酸"
"9179","酹"
"917D","酽"
"917E","酾"
"917F","酿"
"9185","醅"
"9187","醇"
"9189","醉"
"918B","醋"
"918C","醌"
"918D","醍"
"9190","醐"
"9191","醑"
"9192","醒"
"919A","醚"
"919B","醛"
"91A2","醢"
"91A3","醣"
"91AA","醪"
"91AD","醭"
"91AE","醮"
"91AF","醯"
"91B4","醴"
"91B5","醵"
"91BA","醺"
"91C7","采"
"91C9","釉"
"91CA","释"
"91CC","里"
"91CD","重"
"91CE","野"
"91CF","量"
"91D1","金"
"91DC","釜"
"9274","鉴"
"928E","銎"
"92AE","銮"
"92C8","鋈"
"933E","錾"
"936A","鍪"
"938F","鎏"
"93CA","鏊"
"93D6","鏖"
"943E","鐾"
"946B","鑫"
"9485","钅"
"9486","钆"
"9487","钇"
"9488","针"
"9489","钉"
"948A","钊"
"948B","钋"
"948C","钌"
"948D","钍"
"948E","钎"
"948F","钏"
"9490","钐"
"9492","钒"
"9493","钓"
"9494","钔"
"9495","钕"
"9497","钗"
"9499","钙"
"949A","钚"
"949B","钛"
"949C","钜"
"949D","钝"
"949E","钞"
"949F","钟"
"94A0","钠"
"94A1","钡"
"94A2","钢"
"94A3","钣"
"94A4","钤"
"94A5","钥"
"94A6","钦"
"94A7","钧"
"94A8","钨"
"94A9","钩"
"94AA","钪"
"94AB","钫"
"94AC","钬"
"94AD","钭"
"94AE","钮"
"94AF","钯"
"94B0","钰"
"94B1","钱"
"94B2","钲"
"94B3","钳"
"94B4","钴"
"94B5","钵"
"94B6","钶"
"94B7","钷"
"94B8","钸"
"94B9","钹"
"94BA","钺"
"94BB","钻"
"94BC","钼"
"94BD","钽"
"94BE","钾"
"94BF","钿"
"94C0","铀"
"94C1","铁"
"94C2","铂"
"94C3","铃"
"94C4","铄"
"94C5","铅"
"94C6","铆"
"94C8","铈"
"94C9","铉"
"94CA","铊"
"94CB","铋"
"94CC","铌"
"94CD","铍"
"94CE","铎"
"94D0","铐"
"94D1","铑"
"94D2","铒"
"94D5","铕"
"94D6","铖"
"94D7","铗"
"94D8","铘"
"94D9","铙"
"94DB","铛"
"94DC","铜"
"94DD","铝"
"94DE","铞"
"94DF","铟"
"94E0","铠"
"94E1","铡"
"94E2","铢"
"94E3","铣"
"94E4","铤"
"94E5","铥"
"94E7","铧"
"94E8","铨"
"94E9","铩"
"94EA","铪"
"94EB","铫"
"94EC","铬"
"94ED","铭"
"94EE","铮"
"94EF","铯"
"94F0","铰"
"94F1","铱"
"94F2","铲"
"94F3","铳"
"94F4","铴"
"94F5","铵"
"94F6","银"
"94F7","铷"
"94F8","铸"
"94F9","铹"
"94FA","铺"
"94FC","铼"
"94FD","铽"
"94FE","链"
"94FF","铿"
"9500","销"
"9501","锁"
"9502","锂"
"9503","锃"
"9504","锄"
"9505","锅"
"9506","锆"
"9507","锇"
"9508","锈"
"9509","锉"
"950A","锊"
"950B","锋"
"950C","锌"
"950D","锍"
"950E","锎"
"950F","锏"
"9510","锐"
"9511","锑"
"9512","锒"
"9513","锓"
"9514","锔"
"9515","锕"
"9516","锖"
"9517","锗"
"9518","锘"
"9519","错"
"951A","锚"
"951B","锛"
"951D","锝"
"951E","锞"
"951F","锟"
"9521","锡"
"9522","锢"
"9523","锣"
"9524","锤"
"9525","锥"
"9526","锦"
"9528","锨"
"9529","锩"
"952A","锪"
"952B","锫"
"952C","锬"
"952D","锭"
"952E","键"
"952F","锯"
"9530","锰"
"9531","锱"
"9532","锲"
"9534","锴"
"9535","锵"
"9536","锶"
"9537","锷"
"9538","锸"
"9539","锹"
"953A","锺"
"953B","锻"
"953C","锼"
"953E","锾"
"953F","锿"
"9540","镀"
"9541","镁"
"9542","镂"
"9544","镄"
"9545","镅"
"9546","镆"
"9547","镇"
"9549","镉"
"954A","镊"
"954C","镌"
"954D","镍"
"954E","镎"
"954F","镏"
"9550","镐"
"9551","镑"
"9552","镒"
"9553","镓"
"9554","镔"
"9556","镖"
"9557","镗"
"9558","镘"
"9559","镙"
"955B","镛"
"955C","镜"
"955D","镝"
"955E","镞"
"955F","镟"
"9561","镡"
"9562","镢"
"9563","镣"
"9564","镤"
"9565","镥"
"9566","镦"
"9567","镧"
"9568","镨"
"9569","镩"
"956A","镪"
"956B","镫"
"956C","镬"
"956D","镭"
"956F","镯"
"9570","镰"
"9571","镱"
"9572","镲"
"9573","镳"
"9576","镶"
"957F","长"
"95E8","门"
"95E9","闩"
"95EA","闪"
"95EB","闫"
"95ED","闭"
"95EE","问"
"95EF","闯"
"95F0","闰"
"95F1","闱"
"95F2","闲"
"95F3","闳"
"95F4","间"
"95F5","闵"
"95F6","闶"
"95F7","闷"
"95F8","闸"
"95F9","闹"
"95FA","闺"
"95FB","闻"
"95FC","闼"
"95FD","闽"
"95FE","闾"
"9600","阀"
"9601","阁"
"9602","阂"
"9603","阃"
"9604","阄"
"9605","阅"
"9606","阆"
"9608","阈"
"9609","阉"
"960A","阊"
"960B","阋"
"960C","阌"
"960D","阍"
"960E","阎"
"960F","阏"
"9610","阐"
"9611","阑"
"9612","阒"
"9614","阔"
"9615","阕"
"9616","阖"
"9617","阗"
"9619","阙"
"961A","阚"
"961C","阜"
"961D","阝"
"961F","队"
"9621","阡"
"9622","阢"
"962A","阪"
"962E","阮"
"9631","阱"
"9632","防"
"9633","阳"
"9634","阴"
"9635","阵"
"9636","阶"
"963B","阻"
"963C","阼"
"963D","阽"
"963F","阿"
"9640","陀"
"9642","陂"
"9644","附"
"9645","际"
"9646","陆"
"9647","陇"
"9648","陈"
"9649","陉"
"964B","陋"
"964C","陌"
"964D","降"
"9650","限"
"9654","陔"
"9655","陕"
"965B","陛"
"965F","陟"
"9661","陡"
"9662","院"
"9664","除"
"9667","陧"
"9668","陨"
"9669","险"
"966A","陪"
"966C","陬"
"9672","陲"
"9674","陴"
"9675","陵"
"9676","陶"
"9677","陷"
"9685","隅"
"9686","隆"
"9688","隈"
"968B","隋"
"968D","隍"
"968F","随"
"9690","隐"
"9694","隔"
"9697","隗"
"9698","隘"
"9699","隙"
"969C","障"
"96A7","隧"
"96B0","隰"
"96B3","隳"
"96B6","隶"
"96B9","隹"
"96BC","隼"
"96BD","隽"
"96BE","难"
"96C0","雀"
"96C1","雁"
"96C4","雄"
"96C5","雅"
"96C6","集"
"96C7","雇"
"96C9","雉"
"96CC","雌"
"96CD","雍"
"96CE","雎"
"96CF","雏"
"96D2","雒"
"96D5","雕"
"96E0","雠"
"96E8","雨"
"96E9","雩"
"96EA","雪"
"96EF","雯"
"96F3","雳"
"96F6","零"
"96F7","雷"
"96F9","雹"
"96FE","雾"
"9700","需"
"9701","霁"
"9704","霄"
"9706","霆"
"9707","震"
"9708","霈"
"9709","霉"
"970D","霍"
"970E","霎"
"970F","霏"
"9713","霓"
"9716","霖"
"971C","霜"
"971E","霞"
"972A","霪"
"972D","霭"
"9730","霰"
"9732","露"
"9738","霸"
"9739","霹"
"973E","霾"
"9752","青"
"9753","靓"
"9756","靖"
"9759","静"
"975B","靛"
"975E","非"
"9760","靠"
"9761","靡"
"9762","面"
"9765","靥"
"9769","革"
"9773","靳"
"9774","靴"
"9776","靶"
"977C","靼"
"9785","鞅"
"978B","鞋"
"978D","鞍"
"9791","鞑"
"9792","鞒"
"9794","鞔"
"9798","鞘"
"97A0","鞠"
"97A3","鞣"
"97AB","鞫"
"97AD","鞭"
"97AF","鞯"
"97B2","鞲"
"97B4","鞴"
"97E6","韦"
"97E7","韧"
"97E9","韩"
"97EA","韪"
"97EB","韫"
"97EC","韬"
"97ED","韭"
"97F3","音"
"97F5","韵"
"97F6","韶"
"9875","页"
"9876","顶"
"9877","顷"
"9878","顸"
"9879","项"
"987A","顺"
"987B","须"
"987C","顼"
"987D","顽"
"987E","顾"
"987F","顿"
"9880","颀"
"9881","颁"
"9882","颂"
"9883","颃"
"9884","预"
"9885","颅"
"9886","领"
"9887","颇"
"9888","颈"
"9889","颉"
"988A","颊"
"988C","颌"
"988D","颍"
"988F","颏"
"9890","颐"
"9891","频"
"9893","颓"
"9894","颔"
"9896","颖"
"9897","颗"
"9898","题"
"989A","颚"
"989B","颛"
"989C","颜"
"989D","额"
"989E","颞"
"989F","颟"
"98A0","颠"
"98A1","颡"
"98A2","颢"
"98A4","颤"
"98A5","颥"
"98A6","颦"
"98A7","颧"
"98CE","风"
"98D1","飑"
"98D2","飒"
"98D3","飓"
"98D5","飕"
"98D8","飘"
"98D9","飙"
"98DA","飚"
"98DE","飞"
"98DF","食"
"98E7","飧"
"98E8","飨"
"990D","餍"
"9910","餐"
"992E","餮"
"9954","饔"
"9955","饕"
"9963","饣"
"9965","饥"
"9967","饧"
"9968","饨"
"9969","饩"
"996A","饪"
"996B","饫"
"996C","饬"
"996D","饭"
"996E","饮"
"996F","饯"
"9970","饰"
"9971","饱"
"9972","饲"
"9974","饴"
"9975","饵"
"9976","饶"
"9977","饷"
"997A","饺"
"997C","饼"
"997D","饽"
"997F","饿"
"9980","馀"
"9981","馁"
"9984","馄"
"9985","馅"
"9986","馆"
"9987","馇"
"9988","馈"
"998A","馊"
"998B","馋"
"998D","馍"
"998F","馏"
"9990","馐"
"9991","馑"
"9992","馒"
"9993","馓"
"9994","馔"
"9995","馕"
"9996","首"
"9997","馗"
"9998","馘"
"9999","香"
"99A5","馥"
"99A8","馨"
"9A6C","马"
"9A6D","驭"
"9A6E","驮"
"9A6F","驯"
"9A70","驰"
"9A71","驱"
"9A73","驳"
"9A74","驴"
"9A75","驵"
"9A76","驶"
"9A77","驷"
"9A78","驸"
"9A79","驹"
"9A7A","驺"
"9A7B","驻"
"9A7C","驼"
"9A7D","驽"
"9A7E","驾"
"9A7F","驿"
"9A80","骀"
"9A81","骁"
"9A82","骂"
"9A84","骄"
"9A85","骅"
"9A86","骆"
"9A87","骇"
"9A88","骈"
"9A8A","骊"
"9A8B","骋"
"9A8C","验"
"9A8F","骏"
"9A90","骐"
"9A91","骑"
"9A92","骒"
"9A93","骓"
"9A96","骖"
"9A97","骗"
"9A98","骘"
"9A9A","骚"
"9A9B","骛"
"9A9C","骜"
"9A9D","骝"
"9A9E","骞"
"9A9F","骟"
"9AA0","骠"
"9AA1","骡"
"9AA2","骢"
"9AA3","骣"
"9AA4","骤"
"9AA5","骥"
"9AA7","骧"
"9AA8","骨"
"9AB0","骰"
"9AB1","骱"
"9AB6","骶"
"9AB7","骷"
"9AB8","骸"
"9ABA","骺"
"9ABC","骼"
"9AC0","髀"
"9AC1","髁"
"9AC2","髂"
"9AC5","髅"
"9ACB","髋"
"9ACC","髌"
"9AD1","髑"
"9AD3","髓"
"9AD8","高"
"9ADF","髟"
"9AE1","髡"
"9AE6","髦"
"9AEB","髫"
"9AED","髭"
"9AEF","髯"
"9AF9","髹"
"9AFB","髻"
"9B03","鬃"
"9B08","鬈"
"9B0F","鬏"
"9B13","鬓"
"9B1F","鬟"
"9B23","鬣"
"9B2F","鬯"
"9B32","鬲"
"9B3B","鬻"
"9B3C","鬼"
"9B41","魁"
"9B42","魂"
"9B43","魃"
"9B44","魄"
"9B45","魅"
"9B47","魇"
"9B48","魈"
"9B49","魉"
"9B4D","魍"
"9B4F","魏"
"9B51","魑"
"9B54","魔"
"9C7C","鱼"
"9C7F","鱿"
"9C81","鲁"
"9C82","鲂"
"9C85","鲅"
"9C86","鲆"
"9C87","鲇"
"9C88","鲈"
"9C8B","鲋"
"9C8D","鲍"
"9C8E","鲎"
"9C90","鲐"
"9C91","鲑"
"9C92","鲒"
"9C94","鲔"
"9C95","鲕"
"9C9A","鲚"
"9C9B","鲛"
"9C9C","鲜"
"9C9E","鲞"
"9C9F","鲟"
"9CA0","鲠"
"9CA1","鲡"
"9CA2","鲢"
"9CA3","鲣"
"9CA4","鲤"
"9CA5","鲥"
"9CA6","鲦"
"9CA7","鲧"
"9CA8","鲨"
"9CA9","鲩"
"9CAB","鲫"
"9CAD","鲭"
"9CAE","鲮"
"9CB0","鲰"
"9CB1","鲱"
"9CB2","鲲"
"9CB3","鲳"
"9CB4","鲴"
"9CB5","鲵"
"9CB6","鲶"
"9CB7","鲷"
"9CB8","鲸"
"9CBA","鲺"
"9CBB","鲻"
"9CBC","鲼"
"9CBD","鲽"
"9CC3","鳃"
"9CC4","鳄"
"9CC5","鳅"
"9CC6","鳆"
"9CC7","鳇"
"9CCA","鳊"
"9CCB","鳋"
"9CCC","鳌"
"9CCD","鳍"
"9CCE","鳎"
"9CCF","鳏"
"9CD0","鳐"
"9CD3","鳓"
"9CD4","鳔"
"9CD5","鳕"
"9CD6","鳖"
"9CD7","鳗"
"9CD8","鳘"
"9CD9","鳙"
"9CDC","鳜"
"9CDD","鳝"
"9CDE","鳞"
"9CDF","鳟"
"9CE2","鳢"
"9E1F","鸟"
"9E20","鸠"
"9E21","鸡"
"9E22","鸢"
"9E23","鸣"
"9E25","鸥"
"9E26","鸦"
"9E28","鸨"
"9E29","鸩"
"9E2A","鸪"
"9E2B","鸫"
"9E2C","鸬"
"9E2D","鸭"
"9E2F","鸯"
"9E31","鸱"
"9E32","鸲"
"9E33","鸳"
"9E35","鸵"
"9E36","鸶"
"9E37","鸷"
"9E38","鸸"
"9E39","鸹"
"9E3A","鸺"
"9E3D","鸽"
"9E3E","鸾"
"9E3F","鸿"
"9E41","鹁"
"9E42","鹂"
"9E43","鹃"
"9E44","鹄"
"9E45","鹅"
"9E46","鹆"
"9E47","鹇"
"9E48","鹈"
"9E49","鹉"
"9E4A","鹊"
"9E4B","鹋"
"9E4C","鹌"
"9E4E","鹎"
"9E4F","鹏"
"9E51","鹑"
"9E55","鹕"
"9E57","鹗"
"9E58","鹘"
"9E5A","鹚"
"9E5B","鹛"
"9E5C","鹜"
"9E5E","鹞"
"9E63","鹣"
"9E64","鹤"
"9E66","鹦"
"9E67","鹧"
"9E68","鹨"
"9E69","鹩"
"9E6A","鹪"
"9E6B","鹫"
"9E6C","鹬"
"9E6D","鹭"
"9E70","鹰"
"9E71","鹱"
"9E73","鹳"
"9E7E","鹾"
"9E7F","鹿"
"9E82","麂"
"9E87","麇"
"9E88","麈"
"9E8B","麋"
"9E92","麒"
"9E93","麓"
"9E9D","麝"
"9E9F","麟"
"9EA6","麦"
"9EB4","麴"
"9EB8","麸"
"9EBB","麻"
"9EBD","麽"
"9EBE","麾"
"9EC4","黄"
"9EC9","黉"
"9ECD","黍"
"9ECE","黎"
"9ECF","黏"
"9ED1","黑"
"9ED4","黔"
"9ED8","默"
"9EDB","黛"
"9EDC","黜"
"9EDD","黝"
"9EDF","黟"
"9EE0","黠"
"9EE2","黢"
"9EE5","黥"
"9EE7","黧"
"9EE9","黩"
"9EEA","黪"
"9EEF","黯"
"9EF9","黹"
"9EFB","黻"
"9EFC","黼"
"9EFE","黾"
"9F0B","鼋"
"9F0D","鼍"
"9F0E","鼎"
"9F10","鼐"
"9F13","鼓"
"9F17","鼗"
"9F19","鼙"
"9F20","鼠"
"9F22","鼢"
"9F2C","鼬"
"9F2F","鼯"
"9F37","鼷"
"9F39","鼹"
"9F3B","鼻"
"9F3D","鼽"
"9F3E","鼾"
"9F44","齄"
"9F50","齐"
"9F51","齑"
"9F7F","齿"
"9F80","龀"
"9F83","龃"
"9F84","龄"
"9F85","龅"
"9F86","龆"
"9F87","龇"
"9F88","龈"
"9F89","龉"
"9F8A","龊"
"9F8B","龋"
"9F8C","龌"
"9F99","龙"
"9F9A","龚"
"9F9B","龛"
"9F9F","龟"
"9FA0","龠"
